sign,tau,path
309.52320000000003,-0.2008999999999287,0
308.02625000000006,-0.2008999999999287,0
308.02625000000006,-0.2008999999999287,0
313.2832,4.2875,0
313.2832,4.2875,0
302.75519999999995,16.86089999999993,0
302.75519999999995,16.86089999999993,0
308.0192,29.89,0
308.0192,29.89,0
313.2832,42.015049999999945,0
313.2832,42.015049999999945,0
315.53215000000006,54.14254999999994,0
315.53215000000006,54.14254999999994,0
295.9942500000001,64.46685000000002,0
295.9942500000001,64.46685000000002,0
299.7472,74.35015000000006,0
299.7472,74.35015000000006,0
309.52320000000003,83.33185000000003,0
309.52320000000003,83.33185000000003,0
289.97825,90.06689999999998,0
289.97825,90.06689999999998,0
294.49024999999995,98.14944999999992,0
294.49024999999995,98.14944999999992,0
292.9862499999999,93.21024999999996,0
292.9862499999999,93.21024999999996,0
289.22624999999994,85.1277,0
289.22624999999994,85.1277,0
283.21025,93.21024999999996,0
283.21025,93.21024999999996,0
283.9622499999999,96.35359999999993,0
283.9622499999999,96.35359999999993,0
280.20224999999994,86.47764999999984,0
280.20224999999994,86.47764999999984,0
281.6991999999999,87.82514999999984,0
281.6991999999999,87.82514999999984,0
292.9791999999999,99.05104999999976,0
292.9791999999999,99.05104999999976,0
285.4591999999999,91.86274999999974,0
285.4591999999999,91.86274999999974,0
277.93919999999986,86.02929999999964,0
277.93919999999986,86.02929999999964,0
280.1951999999999,95.90524999999973,0
280.1951999999999,95.90524999999973,0
290.7231999999999,96.8068499999998,0
290.7231999999999,96.8068499999998,0
269.67424999999986,86.02929999999985,0
269.67424999999986,86.02929999999985,0
289.97119999999984,91.86274999999995,0
289.97119999999984,91.86274999999995,0
269.67424999999986,98.60270000000001,0
269.67424999999986,98.60270000000001,0
284.7142499999999,90.5127999999999,0
284.7142499999999,90.5127999999999,0
268.17024999999984,84.22609999999993,0
268.17024999999984,84.22609999999993,0
283.9622499999998,94.55774999999996,0
283.9622499999998,94.55774999999996,0
280.94719999999984,99.49694999999991,0
280.94719999999984,99.49694999999991,0
285.4591999999998,89.61854999999998,0
285.4591999999998,89.61854999999998,0
277.9391999999998,86.47765000000005,0
277.9391999999998,86.47765000000005,0
271.1711999999997,98.60270000000001,0
271.1711999999997,98.60270000000001,0
277.94624999999974,96.35359999999993,0
277.94624999999974,96.35359999999993,0
269.67424999999974,84.22609999999993,0
269.67424999999974,84.22609999999993,0
276.44224999999983,90.06689999999998,0
276.44224999999983,90.06689999999998,0
268.9222499999998,98.14944999999992,0
268.9222499999998,98.14944999999992,0
270.41919999999976,89.61854999999998,0
270.41919999999976,89.61854999999998,0
276.4351999999998,86.92354999999999,0
276.4351999999998,86.92354999999999,0
287.7222499999998,99.05104999999999,0
287.7222499999998,99.05104999999999,0
266.65919999999977,96.35359999999993,0
266.65919999999977,96.35359999999993,0
272.6822499999998,84.68179999999985,0
272.6822499999998,84.68179999999985,0
278.6982499999998,90.5127999999999,0
278.6982499999998,90.5127999999999,0
267.4182499999998,98.60270000000001,0
267.4182499999998,98.60270000000001,0
274.17919999999975,90.5127999999999,0
274.17919999999975,90.5127999999999,0
279.4431999999998,84.22609999999993,0
279.4431999999998,84.22609999999993,0
273.43424999999974,94.55774999999996,0
273.43424999999974,94.55774999999996,0
271.1711999999997,99.49694999999991,0
271.1711999999997,99.49694999999991,0
275.6972999999998,89.61854999999998,0
275.6972999999998,89.61854999999998,0
268.1702499999997,86.92354999999999,0
268.1702499999997,86.92354999999999,0
271.9302499999997,99.05104999999999,0
271.9302499999997,99.05104999999999,0
277.1942499999998,96.80685000000003,0
277.1942499999998,96.80685000000003,0
269.6812999999998,84.68180000000008,0
269.6812999999998,84.68180000000008,0
276.4351999999998,90.51280000000013,0
276.4351999999998,90.51280000000013,0
274.93824999999975,99.49695000000014,0
274.93824999999975,99.49695000000014,0
262.15424999999976,90.96850000000005,0
262.15424999999976,90.96850000000005,0
268.1702499999997,85.1277,0
268.1702499999997,85.1277,0
274.93824999999975,95.45935000000003,0
274.93824999999975,95.45935000000003,0
272.6822499999998,97.2552,0
272.6822499999998,97.2552,0
273.43424999999974,85.57605,0
273.43424999999974,85.57605,0
271.17824999999976,86.92354999999999,0
271.17824999999976,86.92354999999999,0
274.1862499999998,99.05104999999999,0
274.1862499999998,99.05104999999999,0
280.2022499999998,92.76435000000002,0
280.2022499999998,92.76435000000002,0
277.18719999999985,86.47765000000005,0
277.18719999999985,86.47765000000005,0
256.8831999999998,96.80685000000003,0
256.8831999999998,96.80685000000003,0
273.4412999999998,98.60270000000001,0
273.4412999999998,98.60270000000001,0
264.41024999999985,86.92354999999999,0
264.41024999999985,86.92354999999999,0
271.1782499999999,88.27104999999999,0
271.1782499999999,88.27104999999999,0
269.67424999999986,99.95020000000001,0
269.67424999999986,99.95020000000001,0
271.1782499999999,94.11185000000002,0
271.1782499999999,94.11185000000002,0
268.17024999999984,84.68180000000008,0
268.17024999999984,84.68180000000008,0
270.4191999999999,92.76435000000002,0
270.4191999999999,92.76435000000002,0
277.93919999999986,98.60270000000001,0
277.93919999999986,98.60270000000001,0
261.4022499999999,88.27104999999999,0
261.4022499999999,88.27104999999999,0
268.17024999999995,85.57605,0
268.17024999999995,85.57605,0
261.3952,97.70109999999994,0
261.3952,97.70109999999994,0
276.43519999999995,95.45935000000003,0
276.43519999999995,95.45935000000003,0
259.89119999999997,83.78020000000001,0
259.89119999999997,83.78020000000001,0
266.66624999999993,89.17265000000006,0
266.66624999999993,89.17265000000006,0
269.67425,100.39854999999999,0
269.67425,100.39854999999999,0
266.66624999999993,94.55774999999996,0
266.66624999999993,94.55774999999996,0
267.4182499999999,85.57605,0
267.4182499999999,85.57605,0
274.1862499999999,93.65614999999988,0
274.1862499999999,93.65614999999988,0
259.14624999999995,98.14944999999992,0
259.14624999999995,98.14944999999992,0
265.1622499999999,88.27104999999999,0
265.1622499999999,88.27104999999999,0
256.89025,85.57605,0
256.89025,85.57605,0
251.62624999999994,97.70109999999994,0
251.62624999999994,97.70109999999994,0
267.41119999999995,95.45935000000003,0
267.41119999999995,95.45935000000003,0
277.19424999999995,83.78020000000001,0
277.19424999999995,83.78020000000001,0
256.1311999999999,89.17265000000006,0
256.1311999999999,89.17265000000006,0
265.1622499999999,100.84445000000014,0
265.1622499999999,100.84445000000014,0
270.4262499999999,95.0036500000001,0
270.4262499999999,95.0036500000001,0
271.1782499999999,86.02930000000008,0
271.1782499999999,86.02930000000008,0
264.41024999999985,93.65615000000011,0
264.41024999999985,93.65615000000011,0
263.65119999999985,99.05105000000022,0
263.65119999999985,99.05105000000022,0
264.41024999999985,89.17265000000029,0
264.41024999999985,89.17265000000029,0
261.3951999999999,86.47765000000028,0
261.3951999999999,86.47765000000028,0
264.41024999999985,98.60270000000023,0
264.41024999999985,98.60270000000023,0
274.93824999999987,96.35360000000016,0
274.93824999999987,96.35360000000016,0
267.4182499999999,85.12770000000023,0
267.4182499999999,85.12770000000023,0
255.38624999999993,90.51280000000013,0
255.38624999999993,90.51280000000013,0
268.9222499999999,99.05105000000022,0
268.9222499999999,99.05105000000022,0
268.9222499999999,91.4144000000002,0
268.9222499999999,91.4144000000002,0
265.1622499999999,85.12770000000023,0
265.1622499999999,85.12770000000023,0
259.14624999999995,95.45935000000024,0
259.14624999999995,95.45935000000024,0
261.4022499999999,97.25520000000023,0
261.4022499999999,97.25520000000023,0
257.6351999999999,86.0293000000003,0
257.6351999999999,86.0293000000003,0
265.1622499999999,86.92355000000022,0
265.1622499999999,86.92355000000022,0
267.41119999999995,99.05105000000022,0
267.41119999999995,99.05105000000022,0
264.4173,93.21025000000017,0
264.4173,93.21025000000017,0
255.39329999999998,84.22610000000016,0
255.39329999999998,84.22610000000016,0
258.40130000000005,91.86275000000018,0
258.40130000000005,91.86275000000018,0
266.6592,99.95020000000024,0
266.6592,99.95020000000024,0
249.3773,92.31600000000027,0
249.3773,92.31600000000027,0
255.3792,86.0293000000003,0
255.3792,86.0293000000003,0
262.90625000000006,96.35360000000038,0
262.90625000000006,96.35360000000038,0
264.4102500000001,98.60270000000045,0
264.4102500000001,98.60270000000045,0
256.1453,86.92355000000043,0
256.1453,86.92355000000043,0
263.65825,88.27105000000043,0
263.65825,88.27105000000043,0
262.15425,99.95020000000045,0
262.15425,99.95020000000045,0
268.17024999999995,94.11185000000047,0
268.17024999999995,94.11185000000047,0
268.17024999999995,85.12770000000046,0
268.17024999999995,85.12770000000046,0
262.15425,92.76435000000048,0
262.15425,92.76435000000048,0
269.66015,98.14945000000036,0
269.66015,98.14945000000036,0
262.15425,88.27105000000043,0
262.15425,88.27105000000043,0
254.62719999999993,85.57605000000044,0
254.62719999999993,85.57605000000044,0
262.90624999999994,97.70110000000038,0
262.90624999999994,97.70110000000038,0
259.8982499999999,95.45935000000047,0
259.8982499999999,95.45935000000047,0
250.88129999999992,83.78020000000045,0
250.88129999999992,83.78020000000045,0
258.40129999999994,89.1726500000005,0
258.40129999999994,89.1726500000005,0
252.38529999999994,100.39855000000044,0
252.38529999999994,100.39855000000044,0
259.14624999999995,94.5577500000004,0
259.14624999999995,94.5577500000004,0
250.86719999999994,85.57605000000044,0
250.86719999999994,85.57605000000044,0
258.38719999999995,93.2102500000004,0
258.38719999999995,93.2102500000004,0
251.62624999999994,98.60270000000045,0
251.62624999999994,98.60270000000045,0
258.40129999999994,88.71940000000042,0
258.40129999999994,88.71940000000042,0
250.12929999999997,86.02930000000052,0
250.12929999999997,86.02930000000052,0
244.85825,98.14945000000058,0
244.85825,98.14945000000058,0
250.87424999999996,95.90525000000062,0
250.87424999999996,95.90525000000062,0
256.8832,84.2261000000006,0
256.8832,84.2261000000006,0
249.37025000000006,89.61855000000065,0
249.37025000000006,89.61855000000065,0
265.9142500000001,98.14945000000058,0
265.9142500000001,98.14945000000058,0
271.18530000000004,90.96850000000049,0
271.18530000000004,90.96850000000049,0
254.64130000000003,84.68180000000052,0
254.64130000000003,84.68180000000052,0
248.62530000000004,94.55775000000062,0
248.62530000000004,94.55775000000062,0
256.1453,99.49695000000058,0
256.1453,99.49695000000058,0
247.87330000000009,89.61855000000065,0
247.87330000000009,89.61855000000065,0
249.37025000000006,86.47765000000074,0
249.37025000000006,86.47765000000074,0
258.3872,98.60270000000068,0
258.3872,98.60270000000068,0
265.16225000000003,96.35360000000061,0
265.16225000000003,96.35360000000061,0
262.15425,85.12770000000067,0
262.15425,85.12770000000067,0
241.85024999999996,90.51280000000057,0
241.85024999999996,90.51280000000057,0
258.40129999999994,99.05105000000066,0
258.40129999999994,99.05105000000066,0
264.41024999999996,91.41440000000064,0
264.41024999999996,91.41440000000064,0
247.87329999999997,85.12770000000067,0
247.87329999999997,85.12770000000067,0
255.38624999999993,95.4593500000007,0
255.38624999999993,95.4593500000007,0
257.64224999999993,97.25520000000067,0
257.64224999999993,97.25520000000067,0
263.6582499999999,86.02930000000075,0
263.6582499999999,86.02930000000075,0
256.13119999999986,86.92355000000066,0
256.13119999999986,86.92355000000066,0
250.12929999999986,98.60270000000068,0
250.12929999999986,98.60270000000068,0
256.1382499999999,92.76435000000069,0
256.1382499999999,92.76435000000069,0
253.88929999999985,84.2261000000006,0
253.88929999999985,84.2261000000006,0
246.36224999999982,91.86275000000062,0
246.36224999999982,91.86275000000062,0
263.6582499999998,100.39855000000065,0
263.6582499999998,100.39855000000065,0
256.14529999999985,92.31600000000071,0
256.14529999999985,92.31600000000071,0
247.86624999999984,86.47765000000074,0
247.86624999999984,86.47765000000074,0
259.8982499999998,96.8068500000007,0
259.8982499999998,96.8068500000007,0
239.6012999999998,97.70110000000061,0
239.6012999999998,97.70110000000061,0
253.8822499999998,86.47765000000051,0
253.8822499999998,86.47765000000051,0
251.63329999999976,87.8251500000005,0
251.63329999999976,87.8251500000005,0
245.6172999999998,99.49695000000058,0
245.6172999999998,99.49695000000058,0
252.37824999999978,93.65615000000055,0
252.37824999999978,93.65615000000055,0
244.10624999999982,84.68180000000052,0
244.10624999999982,84.68180000000052,0
251.62624999999983,92.31600000000049,0
251.62624999999983,92.31600000000049,0
244.85824999999977,97.70110000000038,0
244.85824999999977,97.70110000000038,0
260.65024999999974,88.27105000000043,0
260.65024999999974,88.27105000000043,0
252.38529999999972,85.12770000000046,0
252.38529999999972,85.12770000000046,0
260.6431999999997,97.25520000000046,0
260.6431999999997,97.25520000000046,0
253.8822499999997,98.60270000000045,0
253.8822499999997,98.60270000000045,0
259.8982499999997,87.36945000000037,0
259.8982499999997,87.36945000000037,0
252.38529999999972,88.71940000000042,0
252.38529999999972,88.71940000000042,0
259.8982499999997,100.39855000000044,0
259.8982499999997,100.39855000000044,0
252.37824999999967,94.5577500000004,0
252.37824999999967,94.5577500000004,0
249.37024999999963,85.57605000000044,0
249.37024999999963,85.57605000000044,0
256.8831999999996,93.2102500000004,0
256.8831999999996,93.2102500000004,0
236.6003499999996,98.14945000000036,0
236.6003499999996,98.14945000000036,0
264.4102499999996,88.71940000000042,0
264.4102499999996,88.71940000000042,0
247.1212999999996,85.57605000000044,0
247.1212999999996,85.57605000000044,0
241.85024999999965,97.70110000000038,0
241.85024999999965,97.70110000000038,0
248.62529999999964,95.9052500000004,0
232.76985,84.21140000000005,1
235.02584999999996,91.84805000000007,1
235.02584999999996,91.84805000000007,1
243.29784999999993,100.38385000000011,1
243.29784999999993,100.38385000000011,1
250.8178499999999,93.19555000000008,1
250.8178499999999,93.19555000000008,1
242.5528999999999,83.75814999999997,1
242.5528999999999,83.75814999999997,1
240.30394999999987,91.39969999999987,1
240.30394999999987,91.39969999999987,1
249.32089999999985,100.3838499999999,1
249.32089999999985,100.3838499999999,1
241.0488999999999,92.74719999999988,1
241.0488999999999,92.74719999999988,1
232.77689999999993,86.4555999999998,1
232.77689999999993,86.4555999999998,1
235.78489999999996,96.33889999999984,1
235.78489999999996,96.33889999999984,1
233.5289,98.58799999999991,1
233.5289,98.58799999999991,1
235.02584999999996,86.90884999999989,1
235.02584999999996,86.90884999999989,1
241.80089999999996,88.2563499999999,1
241.80089999999996,88.2563499999999,1
235.77784999999992,99.9354999999999,1
235.77784999999992,99.9354999999999,1
242.5528999999999,94.54304999999985,1
242.5528999999999,94.54304999999985,1
235.0328999999999,85.10564999999976,1
235.0328999999999,85.10564999999976,1
242.5528999999999,92.74719999999965,1
242.5528999999999,92.74719999999965,1
235.77784999999992,98.1396499999997,1
235.77784999999992,98.1396499999997,1
247.06489999999997,88.7022499999996,1
247.06489999999997,88.7022499999996,1
247.80984999999998,85.56134999999966,1
247.80984999999998,85.56134999999966,1
247.05785000000003,97.68639999999961,1
247.05785000000003,97.68639999999961,1
248.56185000000005,95.89054999999964,1
248.56185000000005,95.89054999999964,1
238.78585000000007,84.21139999999961,1
238.78585000000007,84.21139999999961,1
237.2889000000001,89.60384999999967,1
237.2889000000001,89.60384999999967,1
240.29690000000014,101.28544999999974,1
240.29690000000014,101.28544999999974,1
238.04090000000016,95.4446499999997,1
238.04090000000016,95.4446499999997,1
244.05690000000013,86.0072499999996,1
244.05690000000013,86.0072499999996,1
237.2889000000001,93.64144999999957,1
237.2889000000001,93.64144999999957,1
240.29690000000014,99.03389999999962,1
240.29690000000014,99.03389999999962,1
247.05785000000014,89.60384999999967,1
247.05785000000014,89.60384999999967,1
238.78585000000018,86.45559999999958,1
238.78585000000018,86.45559999999958,1
232.77690000000013,98.58799999999968,1
232.77690000000013,98.58799999999968,1
240.29690000000014,96.79214999999971,1
240.29690000000014,96.79214999999971,1
232.02490000000017,85.10564999999976,1
232.02490000000017,85.10564999999976,1
239.54490000000018,90.05219999999964,1
239.54490000000018,90.05219999999964,1
232.77690000000013,99.03389999999962,1
232.77690000000013,99.03389999999962,1
229.7689000000001,91.39969999999965,1
229.7689000000001,91.39969999999965,1
231.26585000000006,85.56134999999966,1
231.26585000000006,85.56134999999966,1
229.7689000000001,95.4446499999997,1
229.7689000000001,95.4446499999997,1
237.2889000000001,97.68639999999961,1
237.2889000000001,97.68639999999961,1
238.79995000000005,86.45559999999958,1
217.75100000000003,85.12035000000007,2
238.82109999999997,92.76435000000002,2
238.82109999999997,92.76435000000002,2
232.79804999999996,98.61004999999994,2
232.79804999999996,98.61004999999994,2
223.767,88.71205000000003,2
223.767,88.71205000000003,2
232.05310000000006,86.01459999999999,2
232.05310000000006,86.01459999999999,2
224.52605,97.70844999999987,2
224.52605,97.70844999999987,2
232.79804999999996,95.90524999999995,2
232.79804999999996,95.90524999999995,2
223.77404999999993,84.66709999999998,2
223.77404999999993,84.66709999999998,2
232.05309999999994,89.61364999999988,2
232.05309999999994,89.61364999999988,2
230.54909999999992,98.61004999999994,2
230.54909999999992,98.61004999999994,2
222.2700499999999,90.96114999999988,2
222.2700499999999,90.96114999999988,2
223.78109999999987,85.12034999999985,2
223.78109999999987,85.12034999999985,2
221.51804999999985,95.01099999999983,2
221.51804999999985,95.01099999999983,2
229.79709999999986,97.25519999999979,2
229.79709999999986,97.25519999999979,2
229.79709999999986,85.56624999999977,2
229.79709999999986,85.56624999999977,2
220.75899999999984,87.36209999999976,2
220.75899999999984,87.36209999999976,2
219.26204999999987,99.50429999999986,2
219.26204999999987,99.50429999999986,2
226.78909999999993,97.70844999999987,2
226.78909999999993,97.70844999999987,2
217.75804999999997,85.56624999999977,2
217.75804999999997,85.56624999999977,2
224.53309999999993,86.91619999999983,2
224.53309999999993,86.91619999999983,2
218.51004999999992,99.50429999999986,2
218.51004999999992,99.50429999999986,2
221.5109999999999,97.70844999999987,2
221.5109999999999,97.70844999999987,2
217.75099999999992,86.01459999999999,2
217.75099999999992,86.01459999999999,2
225.27804999999995,91.41439999999997,2
225.27804999999995,91.41439999999997,2
229.04510000000002,99.95754999999994,2
229.04510000000002,99.95754999999994,2
226.03005000000002,92.76435000000002,2
226.03005000000002,92.76435000000002,2
226.78910000000002,86.46785000000007,2
226.78910000000002,86.46785000000007,2
234.30910000000003,96.3609500000001,2
234.30910000000003,96.3609500000001,2
226.03005000000002,98.61005000000017,2
226.03005000000002,98.61005000000017,2
218.503,87.3621000000002,2
218.503,87.3621000000002,2
229.03804999999997,88.71205000000026,2
229.03804999999997,88.71205000000026,2
231.29404999999994,100.40590000000014,2
231.29404999999994,100.40590000000014,2
229.03804999999997,94.55775000000018,2
229.03804999999997,94.55775000000018,2
229.04510000000002,86.0146000000002,2
229.04510000000002,86.0146000000002,2
221.51100000000002,93.66350000000027,2
221.51100000000002,93.66350000000027,2
234.30910000000003,99.05595000000032,2
234.30910000000003,99.05595000000032,2
225.27805000000006,89.16530000000034,2
225.27805000000006,89.16530000000034,2
216.99900000000005,86.4678500000003,2
216.99900000000005,86.4678500000003,2
224.5260500000001,98.61005000000038,2
224.5260500000001,98.61005000000038,2
226.03710000000007,96.80685000000047,2
205.75424999999998,87.40620000000006,3
211.7632,99.52635000000011,3
211.7632,99.52635000000011,3
212.50815000000003,92.79130000000016,3
212.50815000000003,92.79130000000016,3
197.48225000000002,83.81695000000015,3
197.48225000000002,83.81695000000015,3
205.00225000000003,92.79130000000016,3
205.00225000000003,92.79130000000016,3
206.4992,98.63210000000021,3
206.4992,98.63210000000021,3
203.49119999999996,87.85455000000026,3
203.49119999999996,87.85455000000026,3
209.50719999999993,85.16445000000036,3
209.50719999999993,85.16445000000036,3
211.75614999999996,98.17885000000034,3
211.75614999999996,98.17885000000034,3
205.74719999999994,95.48875000000045,3
205.74719999999994,95.48875000000045,3
203.4982499999999,86.0587000000005,3
203.4982499999999,86.0587000000005,3
209.50719999999993,95.48875000000045,3
209.50719999999993,95.48875000000045,3
211.01119999999995,97.28460000000042,3
211.01119999999995,97.28460000000042,3
197.4963499999999,86.0587000000005,3
197.4963499999999,86.0587000000005,3
203.4982499999999,92.79130000000039,3
203.4982499999999,92.79130000000039,3
218.51709999999986,98.17885000000034,3
218.51709999999986,98.17885000000034,3
202.74624999999983,87.40620000000027,3
202.74624999999983,87.40620000000027,3
197.4963499999998,90.10365000000033,3
197.4963499999998,90.10365000000033,3
211.01119999999983,98.63210000000042,3
211.01119999999983,98.63210000000042,3
205.0022499999998,90.10365000000033,3
205.0022499999998,90.10365000000033,3
214.0050999999998,87.40620000000027,3
214.0050999999998,87.40620000000027,3
209.5071999999998,99.07800000000036,3
209.5071999999998,99.07800000000036,3
210.2591999999998,92.34540000000047,3
210.2591999999998,92.34540000000047,3
195.98529999999982,86.51195000000037,3
195.98529999999982,86.51195000000037,3
203.49824999999979,97.73050000000036,3
203.49824999999979,97.73050000000036,3
205.0022499999998,95.04285000000029,3
205.0022499999998,95.04285000000029,3
208.7481499999998,86.05870000000027,3
208.7481499999998,86.05870000000027,3
208.01024999999984,95.04285000000029,3
208.01024999999984,95.04285000000029,3
210.25919999999988,97.2846000000002,3
210.25919999999988,97.2846000000002,3
203.4982499999999,85.6103500000003,3
203.4982499999999,85.6103500000003,3
201.24929999999986,92.34540000000024,3
201.24929999999986,92.34540000000024,3
207.25119999999984,100.42795000000018,3
207.25119999999984,100.42795000000018,3
207.99614999999986,91.89705000000026,3
207.99614999999986,91.89705000000026,3
201.99424999999988,86.05870000000027,3
201.99424999999988,86.05870000000027,3
213.26719999999983,96.83625000000022,3
213.26719999999983,96.83625000000022,3
214.7641499999998,99.07800000000013,3
214.7641499999998,99.07800000000013,3
206.50624999999982,86.96030000000012,3
189.17499999999998,85.57605,4
185.39385000000001,92.76924999999991,4
185.39385000000001,92.76924999999991,4
192.1971,98.17149999999995,4
192.1971,98.17149999999995,4
192.94910000000002,86.92354999999999,4
192.94910000000002,86.92354999999999,4
189.17500000000004,90.0742499999999,4
189.17500000000004,90.0742499999999,4
197.48225000000002,99.0730999999998,4
197.48225000000002,99.0730999999998,4
198.98625000000004,89.61854999999977,4
198.98625000000004,89.61854999999977,4
192.93500000000003,87.3694499999997,4
192.93500000000003,87.3694499999997,4
191.43805000000006,99.0730999999998,4
191.43805000000006,99.0730999999998,4
192.94910000000007,92.32334999999976,4
192.94910000000007,92.32334999999976,4
189.9270000000001,86.02194999999969,4
189.9270000000001,86.02194999999969,4
184.6489000000001,97.71579999999959,4
184.6489000000001,97.71579999999959,4
197.4752000000001,94.5724499999996,4
197.4752000000001,94.5724499999996,4
194.46015000000008,85.57604999999954,4
194.46015000000008,85.57604999999954,4
190.67195000000012,95.02079999999958,4
190.67195000000012,95.02079999999958,4
195.97120000000015,96.82154999999968,4
195.97120000000015,96.82154999999968,4
195.96415000000013,85.57604999999977,4
195.96415000000013,85.57604999999977,4
183.88985000000008,92.76924999999969,4
183.88985000000008,92.76924999999969,4
196.72320000000013,98.17149999999972,4
196.72320000000013,98.17149999999972,4
190.7001500000001,86.92354999999976,4
190.7001500000001,86.92354999999976,4
199.74530000000004,90.07424999999968,4
199.74530000000004,90.07424999999968,4
194.44605,98.61739999999966,4
194.44605,98.61739999999966,4
186.15995,89.17264999999962,4
186.15995,89.17264999999962,4
202.00130000000001,87.3694499999997,4
202.00130000000001,87.3694499999997,4
200.49025000000006,99.0730999999998,4
200.49025000000006,99.0730999999998,4
201.24930000000006,91.8700999999999,4
201.24930000000006,91.8700999999999,4
186.91195000000008,86.02194999999992,4
186.91195000000008,86.02194999999992,4
190.68605000000005,97.71579999999982,4
190.68605000000005,97.71579999999982,4
194.45310000000006,94.11919999999974,4
194.45310000000006,94.11919999999974,4
191.43805000000006,85.12034999999985,4
191.43805000000006,85.12034999999985,4
198.22720000000004,94.57244999999983,4
198.22720000000004,94.57244999999983,4
199.73825,99.96489999999989,4
199.73825,99.96489999999989,4
185.40795,89.17264999999983,4
185.40795,89.17264999999983,4
189.927,86.92354999999976,4
189.927,86.92354999999976,4
192.9491,99.51899999999974,4
192.9491,99.51899999999974,4
191.43804999999995,96.82154999999968,4
191.43804999999995,96.82154999999968,4
184.64184999999992,84.6744499999997,4
190.89754999999997,83.70669999999997,5
187.43834999999996,87.3988499999999,5
189.12564999999998,87.3988499999999,5
189.12564999999998,83.70669999999997,5
187.43834999999996,83.70669999999997,5
190.89754999999997,87.3988499999999,5
187.10229999999996,90.9170499999998,5
183.64309999999995,94.60919999999973,5
185.41499999999994,94.60919999999975,5
185.41499999999994,90.91704999999982,5
183.64309999999995,90.9170499999998,5
187.10229999999996,94.60919999999973,5
193.93139999999994,96.3682999999998,5
190.38994999999994,100.06044999999973,5
192.16184999999993,100.06044999999973,5
192.16184999999993,96.36830000000003,5
190.38994999999994,96.36830000000003,5
193.93139999999994,100.06044999999996,5
194.69044999999988,85.11299999999991,5
191.1489999999999,88.71939999999998,5
192.9208999999999,88.71939999999996,5
192.9208999999999,85.1129999999999,5
191.14899999999992,85.11299999999991,5
194.6904499999999,88.71939999999998,5
190.89754999999985,88.1902,5
187.43834999999984,91.88479999999998,5
189.12564999999987,91.88479999999998,5
189.12564999999987,88.1902,5
187.43834999999987,88.1902,5
190.89754999999988,91.88479999999998,5
199.24474999999993,97.24785000000007,5
195.7032999999999,100.94,5
197.47519999999986,100.94,5
197.47519999999986,97.24785000000007,5
195.70329999999987,97.24785000000007,5
199.2447499999999,100.94,5
200.68059999999994,87.75165000000001,5
197.2214,91.44379999999994,5
198.90869999999995,91.44379999999994,5
198.90869999999995,87.75165000000001,5
197.2214,87.75165000000001,5
200.68059999999994,91.44379999999994,5
194.69045,85.55399999999996,5
191.149,89.24614999999989,5
192.9209,89.24614999999989,5
192.9209,85.55399999999996,5
191.149,85.55399999999996,5
194.69045,89.24614999999989,5
193.17469999999997,97.24784999999984,5
189.6309,100.93999999999977,5
191.40279999999998,100.93999999999977,5
191.40279999999998,97.24784999999984,5
189.6309,97.24784999999984,5
193.17469999999997,100.93999999999977,5
194.69045,90.47604999999977,5
191.149,94.17064999999975,5
192.9209,94.17064999999975,5
192.9209,90.47604999999977,5
191.149,90.47604999999977,5
194.69045,94.17064999999975,5
191.65659999999997,84.14524999999973,5
188.1128,87.83984999999971,5
189.88469999999998,87.83984999999971,5
189.88469999999998,84.14524999999973,5
188.1128,84.14524999999973,5
191.65659999999997,87.83984999999971,5
186.42784999999998,95.92729999999976,5
182.88405,99.53369999999983,5
184.65595,99.53369999999983,5
184.65595,95.92729999999976,5
182.88405,95.92729999999976,5
186.42784999999998,99.53369999999983,5
199.16249999999994,92.76434999999981,5
195.70329999999998,96.45649999999974,5
197.47519999999997,96.45649999999974,5
197.47519999999997,92.76434999999981,5
195.70329999999998,92.76434999999981,5
199.16249999999994,96.45649999999974,5
196.21089999999995,83.70669999999974,5
192.66709999999998,87.39884999999967,5
194.43899999999996,87.39884999999967,5
194.43899999999996,83.70669999999974,5
192.66709999999998,83.70669999999974,5
196.21089999999995,87.39884999999967,5
192.4156499999999,93.20289999999957,5
188.87184999999994,96.8950499999995,5
190.64374999999993,96.8950499999995,5
190.64374999999993,93.20289999999957,5
188.87184999999994,93.20289999999957,5
192.4156499999999,96.8950499999995,5
197.72899999999996,94.96199999999942,5
194.18519999999998,98.65414999999935,5
195.95709999999997,98.65414999999935,5
195.95709999999997,94.96199999999942,5
194.18519999999998,94.96199999999942,5
197.72899999999996,98.65414999999935,5
197.72899999999996,83.70669999999929,5
194.18519999999998,87.39884999999921,5
195.95709999999997,87.39884999999923,5
195.95709999999997,83.7066999999993,5
194.18519999999998,83.70669999999929,5
197.72899999999996,87.39884999999921,5
185.66879999999998,90.91704999999914,5
182.125,94.60919999999906,5
183.8969,94.60919999999908,5
183.8969,90.91704999999915,5
182.125,90.91704999999914,5
185.66879999999998,94.60919999999906,5
198.48804999999996,96.36829999999914,5
194.94424999999998,100.06044999999907,5
196.71614999999997,100.06044999999907,5
196.71614999999997,96.36830000000003,5
194.94424999999998,96.36830000000003,5
198.48804999999996,100.06044999999996,5
192.41564999999997,85.11299999999991,5
188.95644999999996,88.71939999999998,5
190.64374999999998,88.71939999999996,5
190.64374999999998,85.1129999999999,5
188.95644999999996,85.11299999999991,5
192.41564999999997,88.71939999999998,5
201.43964999999994,88.1902,5
197.98045,91.88479999999998,5
199.66774999999996,91.88479999999998,5
199.66774999999996,88.1902,5
197.98045,88.1902,5
201.43964999999994,91.88479999999998,5
196.21089999999995,96.80685000000003,5
192.66709999999998,100.50145,5
194.43899999999996,100.50145,5
194.43899999999996,96.80685000000003,5
192.66709999999998,96.80685000000003,5
196.21089999999995,100.50145,5
187.94359999999995,87.31310000000002,5
184.40214999999995,91.00524999999995,5
186.17404999999994,91.00524999999995,5
186.17404999999994,87.31310000000002,5
184.40214999999995,87.31310000000002,5
187.94359999999995,91.00524999999995,5
203.71679999999995,85.55399999999996,5
200.17299999999997,89.24614999999989,5
201.94489999999996,89.24614999999989,5
201.94489999999996,85.55399999999996,5
200.17299999999997,85.55399999999996,5
203.71679999999995,89.24614999999989,5
202.19869999999995,97.24784999999984,5
198.65489999999997,100.93999999999977,5
200.42679999999996,100.93999999999977,5
200.42679999999996,97.24784999999984,5
198.65489999999997,97.24784999999984,5
202.19869999999995,100.93999999999977,5
202.95774999999995,90.03749999999978,5
199.41394999999997,93.72964999999971,5
201.18584999999996,93.72964999999971,5
201.18584999999996,90.03749999999978,5
199.41394999999997,90.03749999999978,5
202.95774999999995,93.72964999999971,5
188.62039999999996,84.14524999999973,5
185.16119999999995,87.83984999999971,5
186.93309999999994,87.83984999999971,5
186.93309999999994,84.14524999999973,5
185.16119999999995,84.14524999999973,5
188.62039999999996,87.83984999999971,5
192.41564999999997,95.92729999999976,5
188.87185,99.53369999999983,5
190.64374999999998,99.53369999999983,5
190.64374999999998,95.92729999999976,5
188.87185,95.92729999999976,5
192.41564999999997,99.53369999999983,5
196.21089999999995,92.32334999999976,5
192.66709999999998,95.92729999999978,5
194.43899999999996,95.92729999999976,5
194.43899999999996,92.32334999999975,5
192.66709999999998,92.32334999999976,5
196.21089999999995,95.92729999999978,5
193.17469999999994,83.2656999999997,5
189.63089999999997,86.96029999999968,5
191.40279999999993,86.96029999999968,5
191.40279999999993,83.2656999999997,5
189.63089999999994,83.2656999999997,5
193.17469999999992,86.96029999999968,5
199.91919999999988,92.76434999999958,5
196.46234999999987,96.45649999999951,5
198.14964999999984,96.45649999999951,5
198.14964999999984,92.76434999999958,5
196.46234999999987,92.76434999999958,5
199.91919999999988,96.45649999999951,5
201.43964999999983,98.12739999999944,5
197.89584999999985,101.81954999999937,5
199.66774999999984,101.81954999999937,5
199.66774999999984,98.12739999999944,5
197.89584999999985,98.12739999999944,5
201.43964999999983,101.81954999999937,5
187.1868999999998,87.31309999999935,5
183.64309999999983,91.00524999999928,5
185.41499999999982,91.00524999999928,5
185.41499999999982,87.31309999999935,5
183.64309999999983,87.31309999999935,5
187.1868999999998,91.00524999999928,5
191.65659999999983,85.11299999999925,5
188.11279999999985,88.71939999999931,5
189.88469999999984,88.7193999999993,5
189.88469999999984,85.11299999999923,5
188.11279999999982,85.11299999999925,5
191.6565999999998,88.71939999999931,5
194.69044999999977,97.6863999999994,5
191.14899999999977,101.37854999999932,5
192.9208999999998,101.37854999999932,5
192.9208999999998,97.6863999999994,5
191.1489999999998,97.6863999999994,5
194.6904499999998,101.37854999999932,5
193.17469999999977,94.96199999999942,5
189.6308999999998,98.65414999999935,5
191.4027999999998,98.65414999999935,5
191.4027999999998,94.96199999999942,5
189.6308999999998,94.96199999999942,5
193.17469999999977,98.65414999999935,5
186.42784999999975,82.82714999999926,5
182.88404999999977,86.51929999999919,5
184.65594999999976,86.51929999999919,5
184.65594999999976,82.82714999999926,5
182.88404999999977,82.82714999999926,5
186.42784999999975,86.51929999999919,5
180.93120000000002,86.04399999999995,6
180.18625,93.20290000000001,6
180.18625,93.20290000000001,6
185.44319999999996,98.57330000000003,6
185.44319999999996,98.57330000000003,6
178.68224999999998,87.38415000000002,6
178.68224999999998,87.38415000000002,6
183.19424999999998,90.52015000000006,6
183.19424999999998,90.52015000000006,6
186.19519999999997,99.46755000000017,6
186.19519999999997,99.46755000000017,6
183.18015,89.62590000000014,6
183.18015,89.62590000000014,6
185.44320000000002,87.83250000000022,6
185.44320000000002,87.83250000000022,6
173.41825,99.01920000000018,6
173.41825,99.01920000000018,6
186.19519999999997,91.86275000000018,6
186.19519999999997,91.86275000000018,6
171.92129999999997,86.04400000000018,6
171.92129999999997,86.04400000000018,6
186.18814999999998,97.67905000000012,6
186.18814999999998,97.67905000000012,6
183.9392,94.54305000000008,6
183.9392,94.54305000000008,6
184.6912,85.59810000000003,6
184.6912,85.59810000000003,6
182.44225000000003,95.4373,6
182.44225000000003,95.4373,6
184.6912,96.78479999999999,6
184.6912,96.78479999999999,6
180.93120000000002,85.14975000000004,6
180.93120000000002,85.14975000000004,6
186.94015,92.3086500000001,6
186.94015,92.3086500000001,6
189.18909999999997,98.12740000000011,6
189.18909999999997,98.12740000000011,6
185.44319999999996,86.4899000000001,6
185.44319999999996,86.4899000000001,6
186.94719999999998,90.07425000000013,6
186.94719999999998,90.07425000000013,6
174.92929999999996,98.57330000000003,6
174.92929999999996,98.57330000000003,6
186.94014999999993,88.73410000000007,6
186.94014999999993,88.73410000000007,6
184.69119999999995,86.93825000000008,6
184.69119999999995,86.93825000000008,6
188.44414999999995,99.46755000000017,6
188.44414999999995,99.46755000000017,6
185.43614999999997,96.78480000000022,6
185.43614999999997,96.78480000000022,6
185.45024999999995,84.70385000000012,6
185.45024999999995,84.70385000000012,6
183.18719999999993,91.86275000000018,6
183.18719999999993,91.86275000000018,6
186.19519999999991,100.36180000000007,6
186.19519999999991,100.36180000000007,6
182.44224999999992,91.41439999999997,6
182.44224999999992,91.41439999999997,6
184.6982499999999,85.59810000000003,6
184.6982499999999,85.59810000000003,6
183.18719999999988,97.23314999999997,6
183.18719999999988,97.23314999999997,6
185.44319999999985,98.57330000000003,6
185.44319999999985,98.57330000000003,6
189.94814999999988,86.04399999999995,6
189.94814999999988,86.04399999999995,6
177.1782499999999,89.17999999999999,6
177.1782499999999,89.17999999999999,6
190.7001499999999,100.80770000000001,6
190.7001499999999,100.80770000000001,6
183.9391999999999,93.64879999999995,6
183.9391999999999,93.64879999999995,6
189.19614999999985,84.7038499999999,6
173.39004999999997,86.44089999999993,7
173.39004999999997,98.57330000000003,7
173.39004999999997,98.57330000000003,7
167.38815,94.52834999999997,7
167.38815,94.52834999999997,7
168.89215000000002,85.9852,7
168.89215000000002,85.9852,7
167.38815,94.97669999999997,7
167.38815,94.97669999999997,7
162.89024999999995,94.97669999999997,7
162.89024999999995,94.97669999999997,7
173.39709999999997,84.64504999999994,7
173.39709999999997,84.64504999999994,7
171.89309999999995,90.93174999999991,7
171.89309999999995,90.93174999999991,7
168.14014999999995,97.22579999999981,7
168.14014999999995,97.22579999999981,7
168.89214999999996,88.68264999999984,7
168.89214999999996,88.68264999999984,7
176.39804999999996,86.44089999999993,7
176.39804999999996,86.44089999999993,7
171.89309999999995,98.57330000000003,7
171.89309999999995,98.57330000000003,7
166.62909999999994,95.42260000000012,7
166.62909999999994,95.42260000000012,7
159.87519999999992,84.18935000000002,7
159.87519999999992,84.18935000000002,7
172.6450999999999,90.93175000000014,7
172.6450999999999,90.93175000000014,7
170.38909999999993,98.11760000000011,7
170.38909999999993,98.11760000000011,7
164.38014999999993,89.58180000000007,7
164.38014999999993,89.58180000000007,7
165.88414999999995,87.33515000000006,7
165.88414999999995,87.33515000000006,7
164.38719999999998,98.11760000000011,7
164.38719999999998,98.11760000000011,7
168.1331,94.07510000000012,7
168.1331,94.07510000000012,7
168.14015,85.53930000000008,7
168.14015,85.53930000000008,7
166.63614999999996,94.07510000000012,7
166.63614999999996,94.07510000000012,7
168.88509999999997,99.01920000000018,7
168.88509999999997,99.01920000000018,7
165.87709999999996,88.23430000000008,7
165.87709999999996,88.23430000000008,7
160.63424999999998,85.9852,7
160.63424999999998,85.9852,7
165.1392,97.67169999999996,7
165.1392,97.67169999999996,7
168.89215000000002,92.72515000000006,7
168.89215000000002,92.72515000000006,7
165.88415,84.18935000000002,7
165.88415,84.18935000000002,7
168.89215000000002,93.18084999999998,7
168.89215000000002,93.18084999999998,7
166.62909999999997,95.87830000000004,7
166.62909999999997,95.87830000000004,7
171.1411,85.9852,7
171.1411,85.9852,7
158.37120000000002,88.23430000000008,7
158.37120000000002,88.23430000000008,7
164.38719999999998,97.67170000000019,7
164.38719999999998,97.67170000000019,7
166.63614999999996,90.48340000000015,7
166.63614999999996,90.48340000000015,7
167.38815,85.09095000000009,7
167.38815,85.09095000000009,7
167.38815,95.42260000000012,7
167.38815,95.42260000000012,7
168.1472,96.77010000000011,7
168.1472,96.77010000000011,7
164.38015000000001,85.53930000000008,7
173.3548,88.27839999999993,8
173.3548,84.67444999999992,8
171.6675,86.43354999999998,8
175.1267,86.43354999999998,8
173.3548,100.41325000000009,8
173.3548,96.71865000000011,8
171.6675,98.5659500000001,8
175.1267,98.5659500000001,8
167.367,96.36830000000003,8
167.367,92.6761500000001,8
165.5951,94.52100000000004,8
169.13889999999998,94.52100000000004,8
168.88510000000002,87.83984999999994,8
168.88510000000002,84.14524999999996,8
167.1132,85.99254999999995,8
170.65699999999998,85.99254999999995,8
167.367,96.80685000000003,8
167.367,93.1147000000001,8
165.5951,94.96200000000009,8
169.13889999999998,94.96200000000009,8
162.8973,96.80685000000003,8
162.8973,93.1147000000001,8
161.1254,94.96200000000009,8
164.58460000000002,94.96200000000009,8
173.3548,86.51930000000007,8
173.3548,82.82715000000015,8
171.6675,84.67445000000014,8
175.1267,84.67445000000014,8
171.92129999999997,92.76435000000025,8
171.92129999999997,89.15795000000018,8
170.14939999999999,90.91705000000026,8
173.6086,90.91705000000026,8
168.12605,99.09515000000029,8
168.12605,95.40055000000031,8
166.35415,97.2478500000003,8
169.89794999999998,97.2478500000003,8
168.88510000000002,90.56425000000036,8
168.88510000000002,86.87210000000043,8
167.1132,88.71940000000042,8
170.65699999999998,88.71940000000042,8
176.39100000000002,88.27840000000037,8
176.39100000000002,84.67445000000036,8
174.61910000000003,86.43355000000044,8
178.1629,86.43355000000044,8
171.92130000000003,100.41325000000053,8
171.92130000000003,96.71865000000055,8
170.14940000000004,98.56595000000054,8
173.60860000000005,98.56595000000054,8
166.60795000000005,97.24785000000051,8
166.60795000000005,93.64145000000045,8
164.83605000000006,95.40055000000052,8
168.37984999999998,95.40055000000052,8
159.8611,86.08075000000053,8
159.8611,82.38860000000061,8
158.0892,84.23345000000054,8
161.63299999999998,84.23345000000054,8
172.59575,92.76435000000048,8
172.59575,89.15795000000041,8
170.90845,90.91705000000049,8
174.36765,90.91705000000049,8
170.40320000000003,99.97225000000049,8
170.40320000000003,96.28010000000056,8
168.63130000000004,98.12740000000055,8
172.17275000000004,98.12740000000055,8
164.33080000000004,91.4438000000006,8
164.33080000000004,87.75165000000068,8
162.55890000000005,89.59650000000062,8
166.10035000000005,89.59650000000062,8
165.84890000000004,89.15795000000062,8
165.84890000000004,85.55400000000061,8
164.07700000000006,87.39885000000056,8
167.62080000000003,87.39885000000056,8
164.33080000000004,99.97225000000049,8
164.33080000000004,96.28010000000056,8
162.55890000000005,98.12740000000055,8
166.10035000000005,98.12740000000055,8
168.12605,95.92730000000066,8
168.12605,92.23515000000073,8
166.35415,94.08245000000072,8
169.89794999999998,94.08245000000072,8
168.12605,87.39885000000078,8
168.12605,83.70670000000085,8
166.35415,85.55400000000084,8
169.89794999999998,85.55400000000084,8
166.60795,95.92730000000088,8
166.60795,92.23515000000096,8
164.83605,94.08245000000095,8
168.37984999999998,94.08245000000095,8
168.88510000000002,100.85180000000096,8
168.88510000000002,97.15965000000104,8
167.1132,99.00695000000103,8
170.65699999999998,99.00695000000103,8
165.8489,90.12570000000103,8
165.8489,86.4335500000011,8
164.077,88.27840000000104,8
167.62079999999997,88.27840000000104,8
160.62015,87.83985000000105,8
160.62015,84.14525000000107,8
158.84825,85.99255000000106,8
162.39204999999998,85.99255000000106,8
165.08984999999998,99.53370000000116,8
165.08984999999998,95.83910000000118,8
163.31795,97.68640000000117,8
166.86174999999997,97.68640000000117,8
168.88509999999997,94.60920000000108,8
168.88509999999997,90.91705000000115,8
167.11319999999998,92.76435000000114,8
170.65699999999995,92.76435000000114,8
165.84889999999993,86.0807500000012,8
165.84889999999993,82.38860000000128,8
164.07699999999994,84.23345000000121,8
167.62079999999992,84.23345000000121,8
168.88509999999997,95.04775000000129,8
168.88509999999997,91.35560000000136,8
167.11319999999998,93.20290000000135,8
170.65699999999995,93.20290000000135,8
166.60794999999993,97.6864000000014,8
166.60794999999993,94.08245000000139,8
164.83604999999994,95.83910000000141,8
168.37984999999998,95.83910000000141,8
171.16224999999997,87.83985000000149,8
171.16224999999997,84.14525000000151,8
169.39034999999998,85.9925500000015,8
172.93414999999996,85.9925500000015,8
158.343,90.12570000000147,8
158.343,86.43355000000155,8
156.5711,88.27840000000148,8
160.11255,88.27840000000148,8
164.33079999999998,99.53370000000139,8
164.33079999999998,95.83910000000141,8
162.64349999999996,97.6864000000014,8
166.10034999999996,97.6864000000014,8
166.60795,92.32335000000131,8
166.60795,88.63120000000139,8
164.83605,90.47605000000132,8
168.37984999999998,90.47605000000132,8
167.367,86.96030000000124,8
167.367,83.26570000000126,8
165.5951,85.11300000000125,8
169.13889999999998,85.11300000000125,8
167.367,97.24785000000118,8
167.367,93.64145000000111,8
165.5951,95.40055000000119,8
169.13889999999998,95.40055000000119,8
168.12605,98.56595000000121,8
168.12605,94.9620000000012,8
166.35415,96.80685000000113,8
169.89794999999998,96.80685000000113,8
164.33079999999998,87.39885000000123,8
164.33079999999998,83.7067000000013,8
162.5589,85.5540000000013,8
166.10035,85.5540000000013,8
165.85594999999998,86.90149999999996,9
168.11194999999998,98.61004999999994,9
168.11194999999998,98.61004999999994,9
165.12509999999995,91.39969999999987,9
165.12509999999995,91.39969999999987,9
168.86395,85.99989999999988,9
168.86395,85.99989999999988,9
171.87194999999997,97.25519999999979,9
171.87194999999997,97.25519999999979,9
162.09595,90.95379999999972,9
162.09595,90.95379999999972,9
165.10394999999997,85.99989999999966,9
165.10394999999997,85.99989999999966,9
167.35994999999994,97.25519999999956,9
167.35994999999994,97.25519999999956,9
165.87004999999996,95.45199999999964,9
165.87004999999996,95.45199999999964,9
165.8489,84.64504999999973,9
165.8489,84.64504999999973,9
164.34489999999997,91.85294999999974,9
164.34489999999997,91.85294999999974,9
161.34394999999998,93.64879999999972,9
161.34394999999998,93.64879999999972,9
171.86489999999998,85.54419999999973,9
171.86489999999998,85.54419999999973,9
169.6089,93.20289999999979,9
169.6089,93.20289999999979,9
171.87195000000003,98.61004999999972,9
171.87195000000003,98.61004999999972,9
165.10395000000003,88.69734999999972,9
165.10395000000003,88.69734999999972,9
168.86395000000002,86.90149999999973,9
168.86395000000002,86.90149999999973,9
165.09690000000003,96.35359999999972,9
165.09690000000003,96.35359999999972,9
163.59995000000006,90.95379999999972,9
163.59995000000006,90.95379999999972,9
158.33595000000005,86.4457999999998,9
158.33595000000005,86.4457999999998,9
169.61595000000003,96.8068499999998,9
169.61595000000003,96.8068499999998,9
167.35995000000005,91.85294999999974,9
167.35995000000005,91.85294999999974,9
167.35995000000005,84.64504999999973,9
167.35995000000005,84.64504999999973,9
163.59290000000007,93.20289999999979,9
163.59290000000007,93.20289999999979,9
162.08890000000005,94.10449999999986,9
162.08890000000005,94.10449999999986,9
172.61690000000004,96.35359999999993,9
172.61690000000004,96.35359999999993,9
168.85690000000002,85.99989999999988,9
168.85690000000002,85.99989999999988,9
164.34490000000002,93.20289999999979,9
164.34490000000002,93.20289999999979,9
166.6009,94.5503999999998,9
166.6009,94.5503999999998,9
168.8569,85.54419999999973,9
168.8569,85.54419999999973,9
164.35194999999996,91.85294999999974,9
164.35194999999996,91.85294999999974,9
170.36794999999995,96.8068499999998,9
170.36794999999995,96.8068499999998,9
168.86394999999993,95.90524999999973,9
168.86394999999993,95.90524999999973,9
171.8719499999999,95.90524999999973,9
171.8719499999999,95.90524999999973,9
167.35289999999992,84.64504999999973,9
167.35289999999992,84.64504999999973,9
169.61594999999994,91.85294999999974,9
169.61594999999994,91.85294999999974,9
165.84889999999993,93.20289999999979,9
165.84889999999993,93.20289999999979,9
174.87289999999996,96.8068499999998,9
174.87289999999996,96.8068499999998,9
167.35289999999995,86.4457999999998,9
160.60605,87.34004999999995,10
170.38205,93.18084999999998,10
170.38205,93.18084999999998,10
171.13405,94.07509999999989,10
171.13405,94.07509999999989,10
168.87099999999998,92.72514999999984,10
168.87099999999998,92.72514999999984,10
165.11804999999995,90.93174999999991,10
165.11804999999995,90.93174999999991,10
167.36699999999996,91.83089999999993,10
167.36699999999996,91.83089999999993,10
176.39804999999996,94.97669999999997,10
176.39804999999996,94.97669999999997,10
170.37499999999994,91.385,10
170.37499999999994,91.385,10
171.88604999999995,92.72515000000006,10
171.88604999999995,92.72515000000006,10
169.63004999999998,91.83090000000016,10
169.63004999999998,91.83090000000016,10
171.13405,91.83090000000016,10
171.13405,91.83090000000016,10
168.119,90.48340000000015,10
168.119,90.48340000000015,10
169.62300000000005,91.38500000000022,10
169.62300000000005,91.38500000000022,10
168.119,90.93175000000014,10
168.119,90.93175000000014,10
172.63805000000002,91.83090000000016,10
172.63805000000002,91.83090000000016,10
173.38300000000004,92.72515000000006,10
173.38300000000004,92.72515000000006,10
171.12700000000007,90.93175000000014,10
171.12700000000007,90.93175000000014,10
157.59100000000007,84.19670000000019,10
157.59100000000007,84.19670000000019,10
167.3740500000001,87.78840000000015,10
167.3740500000001,87.78840000000015,10
156.8460500000001,83.3049000000001,10
156.8460500000001,83.3049000000001,10
166.6220500000001,87.34005000000016,10
166.6220500000001,87.34005000000016,10
163.6070000000001,87.34005000000016,10
163.6070000000001,87.34005000000016,10
159.1020500000001,85.09830000000025,10
159.1020500000001,85.09830000000025,10
160.59900000000007,85.54420000000019,10
160.59900000000007,85.54420000000019,10
164.36605000000006,88.24165000000023,10
164.36605000000006,88.24165000000023,10
161.35100000000008,86.89415000000024,10
161.35100000000008,86.89415000000024,10
163.6140500000001,87.34005000000016,10
163.6140500000001,87.34005000000016,10
155.3350000000001,82.84920000000018,10
155.3350000000001,82.84920000000018,10
163.6070000000001,86.89415000000024,10
163.6070000000001,86.89415000000024,10
160.59900000000013,86.44580000000026,10
160.59900000000013,86.44580000000026,10
153.0860500000001,82.40330000000026,10
153.0860500000001,82.40330000000026,10
159.85405000000011,84.19670000000019,10
159.85405000000011,84.19670000000019,10
157.59100000000007,84.19670000000019,10
157.59100000000007,84.19670000000019,10
160.59900000000007,85.54420000000019,10
160.59900000000007,85.54420000000019,10
162.1030000000001,86.89415000000024,10
162.1030000000001,86.89415000000024,10
153.83805000000007,83.30490000000033,10
153.83805000000007,83.30490000000033,10
153.83805000000007,81.50905000000034,10
153.83805000000007,81.50905000000034,10
157.59100000000007,82.84920000000041,10
157.59100000000007,82.84920000000041,10
158.35005000000007,83.75080000000048,10
158.35005000000007,83.75080000000048,10
159.09500000000008,85.5442000000004,10
159.09500000000008,85.5442000000004,10
154.58300000000008,82.84920000000041,10
154.58300000000008,82.84920000000041,10
150.83005000000009,81.05335000000042,10
150.83005000000009,81.05335000000042,10
155.3350000000001,82.84920000000041,10
155.3350000000001,82.84920000000041,10
147.0630000000001,79.2599500000005,10
147.0630000000001,79.2599500000005,10
156.0870000000001,82.40330000000048,10
156.0870000000001,82.40330000000048,10
153.07900000000012,81.50905000000057,10
153.07900000000012,81.50905000000057,10
149.31900000000013,80.6074500000005,10
149.31900000000013,80.6074500000005,10
158.35005000000012,84.65240000000055,10
158.35005000000012,84.65240000000055,10
141.8060500000001,77.46410000000051,10
141.8060500000001,77.46410000000051,10
152.3270000000001,81.50905000000057,10
152.3270000000001,81.50905000000057,10
150.07805000000013,80.15910000000052,10
150.07805000000013,80.15910000000052,10
145.5660500000001,78.36570000000059,10
145.5660500000001,78.36570000000059,10
154.59005000000013,82.40330000000048,10
154.59005000000013,82.40330000000048,10
144.81405000000015,77.46410000000051,10
144.81405000000015,77.46410000000051,10
147.07005000000012,78.36570000000059,10
147.07005000000012,78.36570000000059,10
143.31005000000013,77.01820000000059,10
143.31005000000013,77.01820000000059,10
148.56700000000012,80.15910000000052,10
148.56700000000012,80.15910000000052,10
149.31900000000013,80.6074500000005,10
149.31900000000013,80.6074500000005,10
146.31100000000012,77.91000000000045,10
146.31100000000012,77.91000000000045,10
147.82205000000013,78.81160000000051,10
147.82205000000013,78.81160000000051,10
147.07005000000012,77.46410000000051,10
147.07005000000012,77.46410000000051,10
141.05405000000016,75.2223500000006,10
141.05405000000016,75.2223500000006,10
151.57500000000016,79.71320000000058,10
151.57500000000016,79.71320000000058,10
140.29500000000016,73.87240000000055,10
140.29500000000016,73.87240000000055,10
145.56605000000016,77.01820000000059,10
145.56605000000016,77.01820000000059,10
147.07005000000018,77.01820000000059,10
147.07005000000018,77.01820000000059,10
135.03100000000018,71.6331000000007,10
135.03100000000018,71.6331000000007,10
147.07005000000018,76.5698500000006,10
147.07005000000018,76.5698500000006,10
135.79005000000018,71.17740000000055,10
135.79005000000018,71.17740000000055,10
141.05405000000022,74.32075000000053,10
141.05405000000022,74.32075000000053,10
142.55805000000024,75.66825000000054,10
142.55805000000024,75.66825000000054,10
140.30205000000026,74.32075000000053,10
140.30205000000026,74.32075000000053,10
142.55100000000024,75.66825000000054,10
142.55100000000024,75.66825000000054,10
139.55005000000025,74.32075000000053,10
139.55005000000025,74.32075000000053,10
126.01405000000027,67.58570000000059,10
126.01405000000027,67.58570000000059,10
138.79805000000027,73.42650000000063,10
138.79805000000027,73.42650000000063,10
135.7900500000003,71.6331000000007,10
135.7900500000003,71.6331000000007,10
138.79805000000027,73.42650000000063,10
138.79805000000027,73.42650000000063,10
143.3100500000003,75.66825000000054,10
143.3100500000003,75.66825000000054,10
141.05405000000033,73.87240000000055,10
141.05405000000033,73.87240000000055,10
142.5510000000003,75.2223500000006,10
142.5510000000003,75.2223500000006,10
139.55005000000028,73.87240000000055,10
139.55005000000028,73.87240000000055,10
134.28605000000027,71.17740000000055,10
134.28605000000027,71.17740000000055,10
135.7900500000003,71.17740000000055,10
135.7900500000003,71.17740000000055,10
142.5510000000003,74.77400000000063,10
142.5510000000003,74.77400000000063,10
144.05500000000032,75.2223500000006,10
144.05500000000032,75.2223500000006,10
130.51900000000035,69.83725000000071,10
130.51900000000035,69.83725000000071,10
136.5350000000003,73.87240000000078,10
136.5350000000003,73.87240000000078,10
137.28700000000032,73.42650000000084,10
137.28700000000032,73.42650000000084,10
133.52700000000033,71.17740000000077,10
133.52700000000033,71.17740000000077,10
135.79005000000035,72.52490000000077,10
135.79005000000035,72.52490000000077,10
139.55005000000034,73.87240000000078,10
139.55005000000034,73.87240000000078,10
137.29405000000037,72.07900000000085,10
137.29405000000037,72.07900000000085,10
138.7980500000004,73.42650000000084,10
138.7980500000004,73.42650000000084,10
135.7900500000004,71.63310000000092,10
135.7900500000004,71.63310000000092,10
130.52605000000037,68.93565000000086,10
130.52605000000037,68.93565000000086,10
132.03005000000041,71.17740000000077,10
132.03005000000041,71.17740000000077,10
130.52605000000037,70.28315000000086,10
130.52605000000037,70.28315000000086,10
132.03005000000041,69.83725000000094,10
132.03005000000041,69.83725000000094,10
129.0220500000004,67.58570000000103,10
129.0220500000004,67.58570000000103,10
134.28605000000044,70.73150000000106,10
134.28605000000044,70.73150000000106,10
135.79005000000046,71.177400000001,10
135.79005000000046,71.177400000001,10
133.5340500000005,69.83725000000094,10
133.5340500000005,69.83725000000094,10
135.79005000000046,71.63310000000092,10
135.79005000000046,71.63310000000092,10
123.75805000000045,65.34640000000095,10
123.75805000000045,65.34640000000095,10
129.76700000000042,68.03405000000102,10
129.76700000000042,68.03405000000102,10
131.27805000000043,68.4873000000011,10
131.27805000000043,68.4873000000011,10
128.26300000000046,67.58570000000103,10
128.26300000000046,67.58570000000103,10
131.27100000000044,68.93565000000109,10
131.27100000000044,68.93565000000109,10
134.28605000000044,70.73150000000106,10
134.28605000000044,70.73150000000106,10
132.03005000000044,68.03405000000102,10
132.03005000000044,68.03405000000102,10
133.52700000000044,69.83725000000094,10
133.52700000000044,69.83725000000094,10
129.77405000000041,68.48730000000089,10
129.77405000000041,68.48730000000089,10
125.25500000000042,66.23820000000082,10
125.25500000000042,66.23820000000082,10
129.0220500000004,67.13980000000088,10
129.0220500000004,67.13980000000088,10
114.73405000000042,60.40475000000094,10
114.73405000000042,60.40475000000094,10
127.51805000000044,65.34640000000095,10
127.51805000000044,65.34640000000095,10
124.51005000000046,64.44480000000088,10
124.51005000000046,64.44480000000088,10
116.23805000000044,61.3014500000009,10
116.23805000000044,61.3014500000009,10
122.25405000000042,63.9964500000009,10
122.25405000000042,63.9964500000009,10
129.77405000000041,67.13980000000088,10
129.77405000000041,67.13980000000088,10
120.7500500000004,64.44480000000088,10
120.7500500000004,64.44480000000088,10
117.73500000000043,62.20060000000092,10
117.73500000000043,62.20060000000092,10
123.7510000000004,65.34640000000095,10
123.7510000000004,65.34640000000095,10
125.25500000000042,65.79230000000088,10
125.25500000000042,65.79230000000088,10
122.24700000000043,63.55055000000097,10
122.24700000000043,63.55055000000097,10
124.50300000000041,64.89805000000096,10
124.50300000000041,64.89805000000096,10
121.49500000000042,62.6489500000009,10
121.49500000000042,62.6489500000009,10
115.47900000000044,60.40475000000094,10
115.47900000000044,60.40475000000094,10
128.2559500000004,65.79230000000088,10
128.2559500000004,65.79230000000088,10
114.72700000000043,59.50560000000092,10
114.72700000000043,59.50560000000092,10
118.48700000000044,62.20060000000092,10
118.48700000000044,62.20060000000092,10
114.72700000000043,59.95885000000101,10
114.72700000000043,59.95885000000101,10
120.74300000000041,62.20060000000092,10
120.74300000000041,62.20060000000092,10
122.25405000000042,63.9964500000009,10
122.25405000000042,63.9964500000009,10
119.9910000000004,62.6489500000009,10
119.9910000000004,62.6489500000009,10
122.9990000000004,63.9964500000009,10
122.9990000000004,63.9964500000009,10
110.21500000000037,57.70975000000094,10
110.21500000000037,57.70975000000094,10
114.72700000000037,59.95885000000101,10
114.72700000000037,59.95885000000101,10
117.73500000000037,61.75470000000099,10
117.73500000000037,61.75470000000099,10
113.97500000000036,59.95885000000101,10
113.97500000000036,59.95885000000101,10
117.73500000000037,61.3014500000009,10
117.73500000000037,61.3014500000009,10
113.98205000000036,58.611350000001,10
113.98205000000036,58.611350000001,10
100.43900000000033,52.77055000000097,10
100.43900000000033,52.77055000000097,10
112.47805000000034,58.16545000000108,10
112.47805000000034,58.16545000000108,10
107.95900000000033,55.46800000000103,10
107.95900000000033,55.46800000000103,10
110.21500000000032,56.81550000000102,10
110.21500000000032,56.81550000000102,10
106.45500000000031,55.01965000000104,10
106.45500000000031,55.01965000000104,10
110.96700000000033,56.362250000000934,10
110.96700000000033,56.362250000000934,10
112.47805000000034,57.26385000000101,10
112.47805000000034,57.26385000000101,10
108.71805000000035,55.91390000000095,10
108.71805000000035,55.91390000000095,10
111.72605000000033,57.26385000000101,10
111.72605000000033,57.26385000000101,10
99.69405000000032,51.87875000000111,10
99.69405000000032,51.87875000000111,10
104.95805000000034,54.566400000001174,10
104.95805000000034,54.566400000001174,10
106.45500000000031,55.46800000000125,10
106.45500000000031,55.46800000000125,10
102.70205000000031,53.226250000001336,10
102.70205000000031,53.226250000001336,10
104.95805000000028,54.5664000000014,10
104.95805000000028,54.5664000000014,10
108.71805000000029,56.36225000000138,10
108.71805000000029,56.36225000000138,10
104.19900000000028,53.67215000000149,10
104.19900000000028,53.67215000000149,10
107.96605000000028,55.01965000000149,10
107.96605000000028,55.01965000000149,10
96.67900000000029,50.08290000000158,10
96.67900000000029,50.08290000000158,10
98.93500000000026,51.42305000000164,10
98.93500000000026,51.42305000000164,10
95.92700000000028,49.18130000000173,10
95.92700000000028,49.18130000000173,10
101.1980500000003,52.32465000000171,10
101.1980500000003,52.32465000000171,10
101.94300000000031,52.77055000000164,10
101.94300000000031,52.77055000000164,10
98.1830000000003,50.52880000000173,10
98.1830000000003,50.52880000000173,10
101.1980500000003,51.87875000000178,10
101.1980500000003,51.87875000000178,10
96.68605000000028,50.0829000000018,10
96.68605000000028,50.0829000000018,10
92.16700000000027,48.73295000000174,10
92.16700000000027,48.73295000000174,10
104.20605000000027,53.67215000000171,10
104.20605000000027,53.67215000000171,10
101.1980500000003,51.87875000000178,10
101.1980500000003,51.87875000000178,10
102.69500000000026,53.226250000001784,10
102.69500000000026,53.226250000001784,10
100.43900000000028,50.97715000000171,10
100.43900000000028,50.97715000000171,10
95.1820500000003,49.18130000000173,10
95.1820500000003,49.18130000000173,10
96.67900000000029,49.18130000000173,10
96.67900000000029,49.18130000000173,10
93.67100000000029,47.83380000000173,10
93.67100000000029,47.83380000000173,10
95.1820500000003,48.28705000000182,10
95.1820500000003,48.28705000000182,10
92.17405000000032,46.4838500000019,10
92.17405000000032,46.4838500000019,10
87.6620500000003,45.59205000000182,10
87.6620500000003,45.59205000000182,10
89.15900000000029,45.59205000000182,10
89.15900000000029,45.59205000000182,10
86.9100500000003,45.143700000001836,10
86.9100500000003,45.143700000001836,10
98.1830000000003,50.0829000000018,10
98.1830000000003,50.0829000000018,10
86.9100500000003,44.690450000001746,10
86.9100500000003,44.690450000001746,10
92.17405000000032,47.38545000000175,10
92.17405000000032,47.38545000000175,10
92.92605000000033,46.939550000001816,10
92.92605000000033,46.939550000001816,10
81.63900000000034,42.44625000000178,10
81.63900000000034,42.44625000000178,10
92.91900000000034,46.939550000001816,10
92.91900000000034,46.939550000001816,10
88.40700000000032,44.690450000001746,10
88.40700000000032,44.690450000001746,10
83.89500000000032,42.00035000000185,10
83.89500000000032,42.00035000000185,10
95.1820500000003,46.939550000001816,10
95.1820500000003,46.939550000001816,10
83.1500500000003,41.54710000000176,10
83.1500500000003,41.54710000000176,10
85.40605000000028,43.347850000001856,10
85.40605000000028,43.347850000001856,10
82.39805000000028,42.00035000000185,10
82.39805000000028,42.00035000000185,10
87.6620500000003,45.143700000001836,10
87.6620500000003,45.143700000001836,10
82.39805000000028,42.44625000000178,10
82.39805000000028,42.44625000000178,10
77.88605000000028,40.652850000001855,10
77.88605000000028,40.652850000001855,10
89.16605000000028,44.690450000001746,10
89.16605000000028,44.690450000001746,10
84.64700000000028,42.894600000001766,10
84.64700000000028,42.894600000001766,10
78.6310000000003,40.206950000001704,10
78.6310000000003,40.206950000001704,10
85.40605000000028,42.894600000001766,10
85.40605000000028,42.894600000001766,10
80.13500000000026,41.09875000000178,10
80.13500000000026,41.09875000000178,10
82.39100000000025,41.54710000000176,10
82.39100000000025,41.54710000000176,10
88.41405000000027,44.24210000000176,10
88.41405000000027,44.24210000000176,10
72.62205000000026,37.06115000000167,10
72.62205000000026,37.06115000000167,10
80.14205000000025,40.206950000001704,10
80.14205000000025,40.206950000001704,10
74.87805000000023,38.85700000000165,10
74.87805000000023,38.85700000000165,10
77.13405000000022,38.41110000000172,10
77.13405000000022,38.41110000000172,10
74.11900000000023,37.50950000000165,10
74.11900000000023,37.50950000000165,10
84.65405000000021,42.00035000000163,10
84.65405000000021,42.00035000000163,10
72.6220500000002,37.955400000001575,10
72.6220500000002,37.955400000001575,10
77.11995000000023,40.65285000000163,10
77.11995000000023,40.65285000000163,10
78.63805000000023,40.206950000001704,10
78.63805000000023,40.206950000001704,10
82.39100000000025,42.00035000000163,10
82.39100000000025,42.00035000000163,10
77.88605000000022,39.30535000000163,10
77.88605000000022,39.30535000000163,10
74.12605000000022,37.50950000000165,10
74.12605000000022,37.50950000000165,10
69.61405000000022,36.159550000001595,10
69.61405000000022,36.159550000001595,10
80.1350000000002,39.30535000000163,10
80.1350000000002,39.30535000000163,10
77.87900000000023,38.41110000000172,10
77.87900000000023,38.41110000000172,10
71.11805000000024,36.159550000001815,10
71.11805000000024,36.159550000001815,10
68.8550000000002,35.71365000000189,10
68.8550000000002,35.71365000000189,10
70.36605000000023,36.6079000000018,10
70.36605000000023,36.6079000000018,10
68.8550000000002,35.26775000000174,10
68.8550000000002,35.26775000000174,10
71.11805000000024,35.26775000000174,10
71.11805000000024,35.26775000000174,10
75.62300000000025,37.50950000000165,10
75.62300000000025,37.50950000000165,10
71.86300000000026,36.60790000000158,10
71.86300000000026,36.60790000000158,10
76.37500000000026,37.50950000000165,10
76.37500000000026,37.50950000000165,10
71.11100000000025,35.26775000000174,10
71.11100000000025,35.26775000000174,10
60.59005000000025,30.774450000001703,10
60.59005000000025,30.774450000001703,10
69.61405000000026,34.36615000000167,10
69.61405000000026,34.36615000000167,10
66.60605000000028,33.018650000001664,10
66.60605000000028,33.018650000001664,10
69.61405000000026,33.92025000000174,10
69.61405000000026,33.92025000000174,10
66.59900000000029,33.018650000001664,10
66.59900000000029,33.018650000001664,10
71.1180500000003,34.36615000000167,10
71.1180500000003,34.36615000000167,10
63.59100000000029,32.124400000001756,10
63.59100000000029,32.124400000001756,10
68.1100500000003,33.47190000000175,10
68.1100500000003,33.47190000000175,10
71.8700500000003,34.81205000000182,10
71.8700500000003,34.81205000000182,10
66.60605000000028,33.01865000000189,10
66.60605000000028,33.01865000000189,10
65.10205000000026,32.12440000000198,10
65.10205000000026,32.12440000000198,10
66.59900000000023,32.57030000000191,10
66.59900000000023,32.57030000000191,10
65.09500000000021,31.676050000001997,10
65.09500000000021,31.676050000001997,10
57.57500000000021,28.535150000002066,10
57.57500000000021,28.535150000002066,10
62.85310000000022,30.774450000002147,10
62.85310000000022,30.774450000002147,10
67.35100000000024,32.57030000000213,10
67.35100000000024,32.57030000000213,10
56.83005000000025,28.535150000002066,10
56.83005000000025,28.535150000002066,10
59.079000000000235,28.981050000001996,10
59.079000000000235,28.981050000001996,10
65.10205000000026,31.676050000001997,10
65.10205000000026,31.676050000001997,10
52.31100000000024,26.739300000002086,10
52.31100000000024,26.739300000002086,10
62.087000000000224,30.328550000001997,10
62.087000000000224,30.328550000001997,10
58.33405000000022,28.535150000002066,10
58.33405000000022,28.535150000002066,10
61.3491000000002,29.87530000000213,10
61.3491000000002,29.87530000000213,10
58.32700000000022,28.98105000000222,10
58.32700000000022,28.98105000000222,10
54.56700000000022,27.63355000000222,10
54.56700000000022,27.63355000000222,10
56.07805000000024,28.079450000002147,10
56.07805000000024,28.079450000002147,10
53.07005000000024,26.739300000002086,10
53.07005000000024,26.739300000002086,10
54.56700000000022,26.739300000002086,10
54.56700000000022,26.739300000002086,10
61.33500000000021,28.981050000001996,10
61.33500000000021,28.981050000001996,10
53.829100000000196,25.837700000002013,10
53.829100000000196,25.837700000002013,10
58.33405000000022,28.079450000001923,10
58.33405000000022,28.079450000001923,10
56.07100000000019,27.633550000001996,10
56.07100000000019,27.633550000001996,10
57.57500000000021,27.633550000001996,10
57.57500000000021,27.633550000001996,10
54.57405000000021,26.739300000002086,10
54.57405000000021,26.739300000002086,10
56.8230000000002,27.633550000001996,10
56.8230000000002,27.633550000001996,10
54.56700000000022,27.185200000002013,10
54.56700000000022,27.185200000002013,10
50.062050000000205,25.837700000002013,10
50.062050000000205,25.837700000002013,10
52.32510000000023,26.739300000002086,10
52.32510000000023,26.739300000002086,10
50.80700000000022,25.389350000002032,10
50.80700000000022,25.389350000002032,10
50.80700000000022,24.936100000001943,10
50.80700000000022,24.936100000001943,10
49.310050000000246,24.936100000001943,10
49.310050000000246,24.936100000001943,10
50.062050000000255,24.48775000000196,10
50.062050000000255,24.48775000000196,10
48.55100000000024,24.936100000001943,10
48.55100000000024,24.936100000001943,10
53.07005000000024,26.73930000000186,10
53.07005000000024,26.73930000000186,10
54.56700000000022,26.73930000000186,10
54.56700000000022,26.73930000000186,10
51.566050000000224,25.837700000001792,10
51.566050000000224,25.837700000001792,10
44.79805000000024,21.800100000001898,10
44.79805000000024,21.800100000001898,10
44.039000000000236,21.346850000001808,10
44.039000000000236,21.346850000001808,10
44.791000000000246,21.346850000001808,10
44.791000000000246,21.346850000001808,10
48.56510000000023,23.59350000000183,10
48.56510000000023,23.59350000000183,10
45.55005000000025,23.14025000000174,10
45.55005000000025,23.14025000000174,10
47.799000000000234,24.04185000000181,10
47.799000000000234,24.04185000000181,10
44.79805000000024,23.14025000000174,10
44.79805000000024,23.14025000000174,10
45.543000000000255,23.14025000000174,10
45.543000000000255,23.14025000000174,10
44.039000000000236,23.14025000000174,10
44.039000000000236,23.14025000000174,10
40.28605000000022,20.898500000001828,10
40.28605000000022,20.898500000001828,10
41.79005000000025,20.898500000001828,10
41.79005000000025,20.898500000001828,10
39.52700000000022,20.898500000001828,10
39.52700000000022,20.898500000001828,10
47.05405000000022,23.59350000000183,10
47.05405000000022,23.59350000000183,10
39.52700000000022,19.551000000001828,10
39.52700000000022,19.551000000001828,10
40.28605000000022,19.551000000001828,10
40.28605000000022,19.551000000001828,10
38.77500000000021,19.102650000001844,10
38.77500000000021,19.102650000001844,10
34.2700500000002,17.755150000001844,10
34.2700500000002,17.755150000001844,10
44.05310000000022,21.346850000001808,10
44.05310000000022,21.346850000001808,10
33.52510000000023,17.306800000001864,10
33.52510000000023,17.306800000001864,10
35.015000000000214,17.306800000001864,10
35.015000000000214,17.306800000001864,10
33.51805000000024,17.306800000001864,10
33.51805000000024,17.306800000001864,10
34.263000000000254,17.306800000001864,10
34.263000000000254,17.306800000001864,10
34.27710000000024,16.860900000001934,10
34.27710000000024,16.860900000001934,10
34.270050000000246,16.860900000001934,10
34.270050000000246,16.860900000001934,10
38.030050000000244,17.755150000001844,10
38.030050000000244,17.755150000001844,10
28.999000000000233,14.165900000001933,10
28.999000000000233,14.165900000001933,10
29.006050000000226,13.717550000001951,10
29.006050000000226,13.717550000001951,10
28.999000000000233,13.717550000001951,10
28.999000000000233,13.717550000001951,10
28.254050000000216,13.264300000001862,10
28.254050000000216,13.264300000001862,10
25.99100000000019,12.370050000001951,10
25.99100000000019,12.370050000001951,10
27.49500000000021,13.264300000001862,10
27.49500000000021,13.264300000001862,10
27.502050000000207,13.717550000001951,10
27.502050000000207,13.717550000001951,10
21.47900000000018,11.92170000000197,10
21.47900000000018,11.92170000000197,10
22.238050000000186,11.92170000000197,10
22.238050000000186,11.92170000000197,10
19.982050000000207,11.92170000000197,10
19.982050000000207,11.92170000000197,10
18.478050000000184,11.46845000000188,10
18.478050000000184,11.46845000000188,10
18.471000000000192,11.46845000000188,10
18.471000000000192,11.46845000000188,10
17.726050000000175,11.46845000000188,10
17.726050000000175,11.46845000000188,10
16.96700000000017,11.46845000000188,10
16.96700000000017,11.46845000000188,10
16.974050000000165,11.46845000000188,10
16.974050000000165,11.46845000000188,10
16.96700000000017,11.020100000001898,10
16.96700000000017,11.020100000001898,10
17.719000000000182,11.020100000001898,10
17.719000000000182,11.020100000001898,10
16.96700000000017,10.57420000000197,10
16.96700000000017,10.57420000000197,10
16.21500000000016,10.57420000000197,10
16.21500000000016,10.57420000000197,10
16.222050000000152,10.57420000000197,10
16.222050000000152,10.57420000000197,10
15.463000000000148,10.57420000000197,10
15.463000000000148,10.57420000000197,10
15.463000000000148,10.12095000000188,10
15.463000000000148,10.12095000000188,10
15.477100000000135,10.57420000000197,10
15.477100000000135,10.57420000000197,10
15.470050000000143,10.57420000000197,10
15.470050000000143,10.57420000000197,10
15.463000000000148,10.57420000000197,10
15.463000000000148,10.57420000000197,10
15.463000000000148,10.57420000000197,10
15.463000000000148,10.57420000000197,10
14.718050000000131,10.57420000000197,10
14.718050000000131,10.57420000000197,10
6.446050000000121,6.53170000000197,10
6.446050000000121,6.53170000000197,10
11.703000000000095,8.78080000000204,10
11.703000000000095,8.78080000000204,10
13.21405000000011,8.78080000000204,10
13.21405000000011,8.78080000000204,10
5.694050000000111,5.18420000000197,10
5.694050000000111,5.18420000000197,10
7.950050000000089,6.53170000000197,10
7.950050000000089,6.53170000000197,10
11.703000000000095,7.430850000001987,10
11.703000000000095,7.430850000001987,10
2.6860500000001215,4.287500000002005,10
2.6860500000001215,4.287500000002005,10
15.463000000000095,9.22670000000197,10
15.463000000000095,9.22670000000197,10
6.446050000000121,5.18420000000197,10
6.446050000000121,5.18420000000197,10
12.469100000000147,7.430850000001987,10
12.469100000000147,7.430850000001987,10
11.703000000000149,6.982500000002005,10
11.703000000000149,6.982500000002005,10
10.951000000000139,6.982500000002005,10
10.951000000000139,6.982500000002005,10
10.206050000000122,6.53170000000197,10
10.206050000000122,6.53170000000197,10
5.694050000000111,5.18420000000197,10
5.694050000000111,5.18420000000197,10
12.462050000000099,7.430850000001987,10
12.462050000000099,7.430850000001987,10
11.71005000000009,6.982500000002005,10
11.71005000000009,6.982500000002005,10
5.687000000000064,4.287500000002005,10
5.687000000000064,4.287500000002005,10
5.694050000000058,4.735850000001988,10
5.694050000000058,4.735850000001988,10
7.191000000000032,5.18420000000197,10
7.191000000000032,5.18420000000197,10
15.463000000000042,8.325100000001898,10
15.463000000000042,8.325100000001898,10
6.439000000000021,4.735850000001988,10
6.439000000000021,4.735850000001988,10
13.966050000000013,7.430850000001987,10
13.966050000000013,7.430850000001987,10
12.462049999999993,6.982500000002005,10
12.462049999999993,6.982500000002005,10
5.68700000000001,3.8391500000020233,10
5.68700000000001,3.8391500000020233,10
8.702049999999993,5.635000000002005,10
8.702049999999993,5.635000000002005,10
5.68700000000001,4.287500000002005,10
5.68700000000001,4.287500000002005,10
8.702049999999993,5.635000000002005,10
8.702049999999993,5.635000000002005,10
3.438049999999972,4.287500000002005,10
3.438049999999972,4.287500000002005,10
7.1909999999999785,4.735850000001988,10
7.1909999999999785,4.735850000001988,10
4.182999999999989,4.287500000002005,10
4.182999999999989,4.287500000002005,10
8.702049999999993,5.635000000002005,10
8.702049999999993,5.635000000002005,10
3.4309999999999783,3.8391500000020233,10
3.4309999999999783,3.8391500000020233,10
4.949099999999987,4.735850000001988,10
4.949099999999987,4.735850000001988,10
7.942999999999989,5.18420000000197,10
7.942999999999989,5.18420000000197,10
4.935,4.287500000002005,10
4.935,4.287500000002005,10
7.1909999999999785,5.18420000000197,10
7.1909999999999785,5.18420000000197,10
4.1900499999999825,4.287500000002005,10
4.1900499999999825,4.287500000002005,10
10.950999999999977,6.53170000000197,10
10.950999999999977,6.53170000000197,10
8.702049999999993,5.635000000002005,10
8.702049999999993,5.635000000002005,10
5.68700000000001,4.735850000001988,10
5.68700000000001,4.735850000001988,10
8.695,5.635000000002005,10
8.695,5.635000000002005,10
4.942049999999993,4.287500000002005,10
4.942049999999993,4.287500000002005,10
12.455,6.982500000002005,10
12.455,6.982500000002005,10
5.68700000000001,4.287500000002005,10
5.68700000000001,4.287500000002005,10
4.942049999999993,4.287500000002005,10
4.942049999999993,4.287500000002005,10
10.206050000000014,6.53170000000197,10
10.206050000000014,6.53170000000197,10
4.9491000000000405,4.287500000002005,10
4.9491000000000405,4.287500000002005,10
8.695000000000054,5.18420000000197,10
8.695000000000054,5.18420000000197,10
7.198050000000078,5.18420000000197,10
7.198050000000078,5.18420000000197,10
3.4310000000000853,3.8391500000020233,10
3.4310000000000853,3.8391500000020233,10
3.4310000000000853,4.287500000002005,10
3.4310000000000853,4.287500000002005,10
7.198050000000078,4.735850000001988,10
7.198050000000078,4.735850000001988,10
10.951000000000084,6.083350000001987,10
10.951000000000084,6.083350000001987,10
6.446050000000068,4.735850000001988,10
6.446050000000068,4.735850000001988,10
6.439000000000075,4.287500000002005,10
6.439000000000075,4.287500000002005,10
3.438050000000079,3.390800000002041,10
3.438050000000079,3.390800000002041,10
6.439000000000075,2.283400000001934,10
6.439000000000075,2.283400000001934,10
5.687000000000064,3.390800000002041,10
5.687000000000064,3.390800000002041,10
4.9491000000000405,3.8391500000020233,10
4.9491000000000405,3.8391500000020233,10
4.1830000000000425,2.283400000001934,10
4.1830000000000425,2.283400000001934,10
4.1830000000000425,3.8391500000020233,10
4.1830000000000425,3.8391500000020233,10
4.1830000000000425,2.283400000001934,10
4.1830000000000425,2.283400000001934,10
3.431000000000032,2.283400000001934,10
3.431000000000032,2.283400000001934,10
6.439000000000021,4.287500000002005,10
6.439000000000021,4.287500000002005,10
4.9491000000000405,4.735850000001988,10
4.9491000000000405,4.735850000001988,10
5.687000000000064,2.283400000001934,10
5.687000000000064,2.283400000001934,10
5.694050000000058,2.283400000001934,10
5.694050000000058,2.283400000001934,10
5.687000000000064,2.283400000001934,10
5.687000000000064,2.283400000001934,10
4.1830000000000425,2.283400000001934,10
4.1830000000000425,2.283400000001934,10
4.190050000000036,2.283400000001934,10
4.190050000000036,2.283400000001934,10
2.686050000000015,3.8391500000020233,10
2.686050000000015,3.8391500000020233,10
2.679000000000021,3.8391500000020233,10
2.679000000000021,3.8391500000020233,10
4.935,4.735850000001988,10
4.935,4.735850000001988,10
4.175949999999996,2.283400000001934,10
4.175949999999996,2.283400000001934,10
4.1900499999999825,3.8391500000020233,10
4.1900499999999825,3.8391500000020233,10
4.197099999999976,2.283400000001934,10
4.197099999999976,2.283400000001934,10
3.438049999999972,2.283400000001934,10
3.438049999999972,2.283400000001934,10
4.934999999999946,2.283400000001934,10
4.934999999999946,2.283400000001934,10
4.934999999999946,2.283400000001934,10
4.934999999999946,2.283400000001934,10
6.446049999999961,4.735850000001988,10
6.446049999999961,4.735850000001988,10
10.20604999999996,2.283400000001934,10
10.20604999999996,2.283400000001934,10
5.69404999999995,3.390800000002041,10
5.69404999999995,3.390800000002041,10
3.4450999999999654,3.390800000002041,10
3.4450999999999654,3.390800000002041,10
1.9340499999999508,3.390800000002041,10
1.9340499999999508,3.390800000002041,10
1.9340499999999508,2.9400000000020055,10
1.9340499999999508,2.9400000000020055,10
0.42299999999993587,2.9400000000020055,10
0.42299999999993587,2.9400000000020055,10
1.1749999999999465,2.9400000000020055,10
