u,sign,path
-2.3839999999978315e-05,309.97101999999995,0
-0.012438519999999934,308.47693999999984,0
-0.012438519999999934,308.47693999999984,0
-0.006237139999999816,313.73519999999985,0
-0.006237139999999816,313.73519999999985,0
-0.0025121399999998156,303.20901999999995,0
-0.0025121399999998156,303.20901999999995,0
-0.02112819999999989,308.46727999999996,0
-0.02112819999999989,308.46727999999996,0
-0.01367819999999989,313.73519999999985,0
-0.01367819999999989,313.73519999999985,0
-0.012438519999999934,315.97953999999993,0
-0.012438519999999934,315.97953999999993,0
-0.02237682000000004,296.44057999999984,0
-0.02237682000000004,296.44057999999984,0
-0.023613519999999933,300.1950999999998,0
-0.023613519999999933,300.1950999999998,0
-0.01740319999999989,309.97101999999967,0
-0.01740319999999989,309.97101999999967,0
-0.032303199999999886,290.42239999999964,0
-0.032303199999999886,290.42239999999964,0
-0.032303199999999886,294.9368399999998,0
-0.032303199999999886,294.9368399999998,0
-0.023613519999999933,293.43631999999985,0
-0.023613519999999933,293.43631999999985,0
-0.04217891999999999,289.67857999999984,0
-0.04217891999999999,289.67857999999984,0
-0.028524560000000074,283.6604,0
-0.028524560000000074,283.6604,0
-0.026030300000000107,284.41388,0
-0.026030300000000107,284.41388,0
-0.03596860000000021,280.64648000000005,0
-0.03596860000000021,280.64648000000005,0
-0.02851562000000015,282.1502200000001,0
-0.02851562000000015,282.1502200000001,0
-0.039681680000000226,293.4266600000002,0
-0.039681680000000226,293.4266600000002,0
-0.02726700000000027,285.90474000000034,0
-0.02726700000000027,285.90474000000034,0
-0.03844498000000034,278.3860400000002,0
-0.03844498000000034,278.3860400000002,0
-0.02726700000000027,280.63682000000017,0
-0.02726700000000027,280.63682000000017,0
-0.039681680000000226,291.17266000000023,0
-0.039681680000000226,291.17266000000023,0
-0.029746360000000183,270.11386000000033,0
-0.029746360000000183,270.11386000000033,0
-0.037196360000000185,290.4127400000003,0
-0.037196360000000185,290.4127400000003,0
-0.043400720000000094,270.11386000000033,0
-0.043400720000000094,270.11386000000033,0
-0.03471104000000014,285.16414000000026,0
-0.03471104000000014,285.16414000000026,0
-0.04836242000000026,268.6197800000002,0
-0.04836242000000026,268.6197800000002,0
-0.037196360000000185,284.4138800000003,0
-0.037196360000000185,284.4138800000003,0
-0.042161040000000136,281.3870800000004,0
-0.042161040000000136,281.3870800000004,0
-0.05332710000000021,285.90474000000034,0
-0.05332710000000021,285.90474000000034,0
-0.037196360000000185,278.3860400000002,0
-0.037196360000000185,278.3860400000002,0
-0.042161040000000136,271.61438000000027,0
-0.042161040000000136,271.61438000000027,0
-0.05084178000000017,278.3924800000003,0
-0.05084178000000017,278.3924800000003,0
-0.03347136000000018,270.11386000000033,0
-0.03347136000000018,270.11386000000033,0
-0.042161040000000136,276.8919600000004,0
-0.042161040000000136,276.8919600000004,0
-0.04836242000000026,269.3700400000005,0
-0.04836242000000026,269.3700400000005,0
-0.047125720000000364,270.8641200000006,0
-0.047125720000000364,270.8641200000006,0
-0.03843604000000041,276.8823000000005,0
-0.03843604000000041,276.8823000000005,0
-0.04463742000000053,288.16840000000053,0
-0.04463742000000053,288.16840000000053,0
-0.04587710000000048,267.10638000000057,0
-0.04587710000000048,267.10638000000057,0
-0.05084178000000044,273.12456000000043,0
-0.05084178000000044,273.12456000000043,0
-0.037196360000000456,279.1459600000004,0
-0.037196360000000456,279.1459600000004,0
-0.043400720000000365,267.86952000000025,0
-0.043400720000000365,267.86952000000025,0
-0.043400720000000365,274.6283000000002,0
-0.043400720000000365,274.6283000000002,0
-0.05705210000000049,279.8962200000001,0
-0.05705210000000049,279.8962200000001,0
-0.05332710000000048,273.8780400000002,0
-0.05332710000000048,273.8780400000002,0
-0.05332710000000048,271.61438000000027,0
-0.05332710000000048,271.61438000000027,0
-0.05084178000000044,276.1417000000004,0
-0.05084178000000044,276.1417000000004,0
-0.040912420000000525,268.6197800000005,0
-0.040912420000000525,268.6197800000005,0
-0.037187420000000526,272.37430000000046,0
-0.037187420000000526,272.37430000000046,0
-0.038427100000000484,277.6422200000004,0
-0.038427100000000484,277.6422200000004,0
-0.03966678000000044,270.12352000000027,0
-0.03966678000000044,270.12352000000027,0
-0.04587710000000048,276.8823000000002,0
-0.04587710000000048,276.8823000000002,0
-0.04339178000000044,275.37856000000016,0
-0.04339178000000044,275.37856000000016,0
-0.04339178000000044,262.6016000000001,0
-0.04339178000000044,262.6016000000001,0
-0.04463742000000053,268.61012000000005,0
-0.04463742000000053,268.61012000000005,0
-0.042152100000000484,275.37856000000016,0
-0.042152100000000484,275.37856000000016,0
-0.04587710000000048,273.12456000000014,0
-0.04587710000000048,273.12456000000014,0
-0.03966678000000044,273.8780400000002,0
-0.03966678000000044,273.8780400000002,0
-0.042152100000000484,271.6240400000002,0
-0.042152100000000484,271.6240400000002,0
-0.05332710000000048,274.6283000000002,0
-0.05332710000000048,274.6283000000002,0
-0.05704316000000056,280.64648000000005,0
-0.05704316000000056,280.64648000000005,0
-0.04587710000000048,277.6325600000001,0
-0.04587710000000048,277.6325600000001,0
-0.04960210000000048,257.32402000000025,0
-0.04960210000000048,257.32402000000025,0
-0.05084178000000044,273.8877000000001,0
-0.05084178000000044,273.8877000000001,0
-0.04711678000000044,264.8556000000001,0
-0.04711678000000044,264.8556000000001,0
-0.04711678000000044,271.6240400000002,0
-0.04711678000000044,271.6240400000002,0
-0.05456678000000044,270.12352000000027,0
-0.05456678000000044,270.12352000000027,0
-0.0595314600000004,271.6240400000002,0
-0.0595314600000004,271.6240400000002,0
-0.060768160000000286,268.61012000000034,0
-0.060768160000000286,268.61012000000034,0
-0.05084178000000017,270.8641200000003,0
-0.05084178000000017,270.8641200000003,0
-0.04711678000000017,278.3860400000002,0
-0.04711678000000017,278.3860400000002,0
-0.05580646000000013,261.84812000000034,0
-0.05580646000000013,261.84812000000034,0
-0.06201678000000017,268.6197800000002,0
-0.06201678000000017,268.6197800000002,0
-0.04711678000000017,261.8384600000001,0
-0.04711678000000017,261.8384600000001,0
-0.04587710000000021,276.8823000000002,0
-0.04587710000000021,276.8823000000002,0
-0.058282840000000245,260.3379400000001,0
-0.058282840000000245,260.3379400000001,0
-0.05208146000000013,267.1063800000003,0
-0.05208146000000013,267.1063800000003,0
-0.04462848000000006,270.12352000000027,0
-0.04462848000000006,270.12352000000027,0
-0.060768160000000015,267.1063800000003,0
-0.060768160000000015,267.1063800000003,0
-0.05580646000000013,267.86952000000025,0
-0.05580646000000013,267.86952000000025,0
-0.05208146000000013,274.6283000000002,0
-0.05208146000000013,274.6283000000002,0
-0.059531460000000126,259.5973400000001,0
-0.059531460000000126,259.5973400000001,0
-0.04835646000000013,265.60586000000006,0
-0.04835646000000013,265.60586000000006,0
-0.059531460000000126,257.3336800000002,0
-0.059531460000000126,257.3336800000002,0
-0.05331816000000002,252.06576000000027,0
-0.05331816000000002,252.06576000000027,0
-0.04835646000000013,267.85986000000037,0
-0.04835646000000013,267.85986000000037,0
-0.058282840000000245,277.6422200000004,0
-0.058282840000000245,277.6422200000004,0
-0.04587710000000021,256.5737600000003,0
-0.04587710000000021,256.5737600000003,0
-0.05704316000000029,265.60586000000035,0
-0.05704316000000029,265.60586000000035,0
-0.05083284000000025,270.87378000000024,0
-0.05083284000000025,270.87378000000024,0
-0.062007840000000244,271.6240400000002,0
-0.062007840000000244,271.6240400000002,0
-0.04959316000000029,264.8556000000001,0
-0.04959316000000029,264.8556000000001,0
-0.0632475200000002,264.0924600000001,0
-0.0632475200000002,264.0924600000001,0
-0.04710784000000025,264.8556000000001,0
-0.04710784000000025,264.8556000000001,0
-0.062007840000000244,261.8384600000001,0
-0.062007840000000244,261.8384600000001,0
-0.04959316000000029,264.8556000000001,0
-0.04959316000000029,264.8556000000001,0
-0.059522520000000204,275.37856000000016,0
-0.059522520000000204,275.37856000000016,0
-0.0669725200000002,267.85986,0
-0.0669725200000002,267.85986,0
-0.05083284000000025,255.82994000000014,0
-0.05083284000000025,255.82994000000014,0
-0.0669725200000002,269.3700400000002,0
-0.0669725200000002,269.3700400000002,0
-0.058282840000000245,269.3603800000003,0
-0.058282840000000245,269.3603800000003,0
-0.060759220000000363,265.60586000000035,0
-0.060759220000000363,265.60586000000035,0
-0.06573284000000025,259.5973400000004,0
-0.06573284000000025,259.5973400000004,0
-0.04710784000000025,261.84812000000034,0
-0.04710784000000025,261.84812000000034,0
-0.053309220000000365,258.08394000000044,0
-0.053309220000000365,258.08394000000044,0
-0.062007840000000244,265.60586000000035,0
-0.062007840000000244,265.60586000000035,0
-0.058282840000000245,267.85986000000037,0
-0.058282840000000245,267.85986000000037,0
-0.052069540000000136,264.8620400000002,0
-0.052069540000000136,264.8620400000002,0
-0.059531460000000126,255.82994000000014,0
-0.059531460000000126,255.82994000000014,0
-0.06698146000000013,258.84386000000006,0
-0.06698146000000013,258.84386000000006,0
-0.05331816000000002,267.10638,0
-0.05331816000000002,267.10638,0
-0.050832839999999976,249.81176,0
-0.050832839999999976,249.81176,0
-0.060768160000000015,255.82027999999994,0
-0.060768160000000015,255.82027999999994,0
-0.06324751999999993,263.35186000000004,0
-0.06324751999999993,263.35186000000004,0
-0.06449613999999981,264.8556000000001,0
-0.06449613999999981,264.8556000000001,0
-0.05208145999999986,256.5834200000002,0
-0.05208145999999986,256.5834200000002,0
-0.054557839999999976,264.1021200000003,0
-0.054557839999999976,264.1021200000003,0
-0.055794539999999865,262.60160000000036,0
-0.055794539999999865,262.60160000000036,0
-0.06075921999999982,268.61012000000034,0
-0.06075921999999982,268.61012000000034,0
-0.0694578399999997,268.6197800000002,0
-0.0694578399999997,268.6197800000002,0
-0.0694578399999997,262.60160000000036,0
-0.0694578399999997,262.60160000000036,0
-0.06820921999999982,270.11386000000033,0
-0.06820921999999982,270.11386000000033,0
-0.055794539999999865,262.60160000000036,0
-0.055794539999999865,262.60160000000036,0
-0.052069539999999866,255.07002000000026,0
-0.052069539999999866,255.07002000000026,0
-0.049584219999999825,263.35186000000033,0
-0.049584219999999825,263.35186000000033,0
-0.05454889999999978,260.34760000000034,0
-0.05454889999999978,260.34760000000034,0
-0.054557839999999705,251.3251600000002,0
-0.054557839999999705,251.3251600000002,0
-0.055794539999999594,258.84386000000035,0
-0.055794539999999594,258.84386000000035,0
-0.05330921999999955,252.82568000000046,0
-0.05330921999999955,252.82568000000046,0
-0.05454889999999951,259.5876800000005,0
-0.05454889999999951,259.5876800000005,0
-0.05454889999999951,251.3058400000004,0
-0.05454889999999951,251.3058400000004,0
-0.055794539999999594,258.8374200000005,0
-0.055794539999999594,258.8374200000005,0
-0.06075921999999955,252.06576000000058,0
-0.06075921999999955,252.06576000000058,0
-0.05454889999999951,258.84386000000063,0
-0.05454889999999951,258.84386000000063,0
-0.055794539999999594,250.57490000000053,0
-0.055794539999999594,250.57490000000053,0
-0.050832839999999706,245.29410000000064,0
-0.050832839999999706,245.29410000000064,0
-0.053309219999999824,251.3155000000006,0
-0.053309219999999824,251.3155000000006,0
-0.052069539999999866,257.32402000000053,0
-0.052069539999999866,257.32402000000053,0
-0.06944889999999977,249.81176000000056,0
-0.06944889999999977,249.81176000000056,0
-0.07193719999999988,266.3561200000006,0
-0.07193719999999988,266.3561200000006,0
-0.06572389999999978,271.6240400000005,0
-0.06572389999999978,271.6240400000005,0
-0.06697251999999966,255.07968000000045,0
-0.06697251999999966,255.07968000000045,0
-0.05827389999999978,249.0615000000006,0
-0.05827389999999978,249.0615000000006,0
-0.05703421999999982,256.5834200000005,0
-0.05703421999999982,256.5834200000005,0
-0.055788579999999734,248.32090000000053,0
-0.055788579999999734,248.32090000000053,0
-0.06820921999999982,249.81176000000056,0
-0.06820921999999982,249.81176000000056,0
-0.06448421999999983,258.8374200000005,0
-0.06448421999999983,258.8374200000005,0
-0.06572389999999978,265.60586000000063,0
-0.06572389999999978,265.60586000000063,0
-0.05951357999999973,262.60160000000064,0
-0.05951357999999973,262.60160000000064,0
-0.05951357999999973,242.29306000000074,0
-0.05951357999999973,242.29306000000074,0
-0.07192825999999969,258.84386000000063,0
-0.07192825999999969,258.84386000000063,0
-0.06696357999999973,264.85560000000066,0
-0.06696357999999973,264.85560000000066,0
-0.05952251999999966,248.31124000000062,0
-0.05952251999999966,248.31124000000062,0
-0.06944889999999977,255.82994000000073,0
-0.06944889999999977,255.82994000000073,0
-0.06696357999999973,258.0839400000007,0
-0.06696357999999973,258.0839400000007,0
-0.0682032599999997,264.1021200000006,0
-0.0682032599999997,264.1021200000006,0
-0.05827389999999978,256.57376000000056,0
-0.05827389999999978,256.57376000000056,0
-0.06943995999999986,250.57490000000053,0
-0.06943995999999986,250.57490000000053,0
-0.06820325999999996,256.5834200000005,0
-0.06820325999999996,256.5834200000005,0
-0.05827390000000005,254.32942000000048,0
-0.05827390000000005,254.32942000000048,0
-0.07441358000000001,246.8075000000006,0
-0.07441358000000001,246.8075000000006,0
-0.06696358000000001,264.1021200000006,0
-0.06696358000000001,264.1021200000006,0
-0.05951358,256.5834200000005,0
-0.05951358,256.5834200000005,0
-0.07068858,248.3015800000004,0
-0.07068858,248.3015800000004,0
-0.06199890000000005,260.33794000000046,0
-0.06199890000000005,260.33794000000046,0
-0.05951358,240.03906000000046,0
-0.05951358,240.03906000000046,0
-0.06944890000000005,254.32942000000048,0
-0.06944890000000005,254.32942000000048,0
-0.06448422000000009,252.0754200000005,0
-0.06448422000000009,252.0754200000005,0
-0.06943996000000012,246.0572400000006,0
-0.06943996000000012,246.0572400000006,0
-0.05951358,252.81602000000055,0
-0.05951358,252.81602000000055,0
-0.07316496000000013,244.54384000000067,0
-0.07316496000000013,244.54384000000067,0
-0.06323858,252.06576000000058,0
-0.06323858,252.06576000000058,0
-0.07688996000000012,245.29410000000064,0
-0.07688996000000012,245.29410000000064,0
-0.06571496000000013,261.09786000000065,0
-0.06571496000000013,261.09786000000065,0
-0.0806179400000002,252.82568000000077,0
-0.0806179400000002,252.82568000000077,0
-0.06323858000000028,261.0882000000007,0
-0.06323858000000028,261.0882000000007,0
-0.07812964000000035,254.32942000000077,0
-0.07812964000000035,254.32942000000077,0
-0.06695464000000036,260.33794000000074,0
-0.06695464000000036,260.33794000000074,0
-0.0756443200000003,252.82568000000077,0
-0.0756443200000003,252.82568000000077,0
-0.06323858000000028,260.3476000000006,0
-0.06323858000000028,260.3476000000006,0
-0.07192826000000023,252.81602000000055,0
-0.07192826000000023,252.81602000000055,0
-0.06198996000000013,249.81176000000056,0
-0.06198996000000013,249.81176000000056,0
-0.07565326000000024,257.32402000000053,0
-0.07565326000000024,257.32402000000053,0
-0.0756443200000003,237.03158000000042,0
-0.0756443200000003,237.03158000000042,0
-0.0694399600000004,264.8556000000004,0
-0.0694399600000004,264.8556000000004,0
-0.08185464000000035,247.5577600000003,0
-0.08185464000000035,247.5577600000003,0
-0.06571496000000039,242.29306000000017,0
-0.06571496000000039,242.29306000000017,0
-0.0719193200000003,249.0615000000003,0
-0.07806706000000008,233.27705999999986,1
-0.07930674000000003,235.52139999999994,1
-0.07930674000000003,235.52139999999994,1
-0.08426248000000006,243.76460000000006,1
-0.08426248000000006,243.76460000000006,1
-0.08797854000000013,251.2575400000002,1
-0.08797854000000013,251.2575400000002,1
-0.09169460000000021,243.02400000000029,1
-0.09169460000000021,243.02400000000029,1
-0.08427142000000025,240.7796600000002,1
-0.08427142000000025,240.7796600000002,1
-0.0755817400000003,249.7634600000001,1
-0.0755817400000003,249.7634600000001,1
-0.0755817400000003,241.52025999999998,1
-0.0755817400000003,241.52025999999998,1
-0.0755817400000003,233.27705999999986,1
-0.0755817400000003,233.27705999999986,1
-0.07806706000000034,236.28131999999985,1
-0.07806706000000034,236.28131999999985,1
-0.08301386000000045,234.03053999999992,1
-0.08301386000000045,234.03053999999992,1
-0.08302280000000037,235.52139999999994,1
-0.08302280000000037,235.52139999999994,1
-0.08673886000000045,242.27051999999998,1
-0.08673886000000045,242.27051999999998,1
-0.08426248000000033,236.27165999999994,1
-0.08426248000000033,236.27165999999994,1
-0.08426248000000033,243.024,1
-0.08426248000000033,243.024,1
-0.08921822000000036,235.53105999999985,1
-0.08921822000000036,235.53105999999985,1
-0.09293428000000044,243.024,1
-0.09293428000000044,243.024,1
-0.09045492000000052,236.27165999999994,1
-0.09045492000000052,236.27165999999994,1
-0.09293428000000044,247.50945999999982,1
-0.09293428000000044,247.50945999999982,1
-0.09417098000000033,248.26293999999984,1
-0.09417098000000033,248.26293999999984,1
-0.09417992000000025,247.50945999999982,1
-0.09417992000000025,247.50945999999982,1
-0.09045492000000026,249.01319999999984,1
-0.09045492000000026,249.01319999999984,1
-0.09169460000000021,239.26947999999976,1
-0.09169460000000021,239.26947999999976,1
-0.09294322000000009,237.77539999999965,1
-0.09294322000000009,237.77539999999965,1
-0.09293428000000016,240.77965999999964,1
-0.09293428000000016,240.77965999999964,1
-0.08301386000000018,238.52565999999962,1
-0.08301386000000018,238.52565999999962,1
-0.09293428000000016,244.52451999999965,1
-0.09293428000000016,244.52451999999965,1
-0.09417098000000006,237.77539999999965,1
-0.09417098000000006,237.77539999999965,1
-0.08672991999999999,240.76999999999973,1
-0.08672991999999999,240.76999999999973,1
-0.0867388599999999,247.50945999999982,1
-0.0867388599999999,247.50945999999982,1
-0.08797853999999987,239.26947999999976,1
-0.08797853999999987,239.26947999999976,1
-0.08426247999999979,233.28671999999978,1
-0.08426247999999979,233.28671999999978,1
-0.08672991999999971,240.77965999999992,1
-0.08672991999999971,240.77965999999992,1
-0.08426247999999979,232.5364599999998,1
-0.08426247999999979,232.5364599999998,1
-0.08796959999999966,240.02939999999995,1
-0.08796959999999966,240.02939999999995,1
-0.0780581199999996,233.27705999999986,1
-0.0780581199999996,233.27705999999986,1
-0.0780581199999996,230.28245999999982,1
-0.0780581199999996,230.28245999999982,1
-0.07682141999999971,231.77653999999993,1
-0.07682141999999971,231.77653999999993,1
-0.08178609999999967,230.28245999999982,1
-0.08178609999999967,230.28245999999982,1
-0.09169459999999967,237.77539999999993,1
-0.09169459999999967,237.77539999999993,1
-0.08673885999999964,239.2759199999999,1
-0.09665033999999997,218.16881999999998,2
-0.10037533999999997,239.2759199999999,2
-0.10037533999999997,239.2759199999999,2
-0.09788703999999987,233.24807999999982,2
-0.09788703999999987,233.24807999999982,2
-0.10286065999999974,224.19665999999992,2
-0.10286065999999974,224.19665999999992,2
-0.09913565999999975,232.49781999999985,2
-0.09913565999999975,232.49781999999985,2
-0.10410927999999962,224.95657999999983,2
-0.10410927999999962,224.95657999999983,2
-0.09166777999999963,233.24807999999982,2
-0.09166777999999963,233.24807999999982,2
-0.10162395999999958,224.20631999999983,2
-0.10162395999999958,224.20631999999983,2
-0.09416203999999959,232.49781999999985,2
-0.09416203999999959,232.49781999999985,2
-0.0966503399999997,230.99407999999983,2
-0.0966503399999997,230.99407999999983,2
-0.0854455399999996,222.7025799999998,2
-0.0854455399999996,222.7025799999998,2
-0.09788703999999959,224.20631999999983,2
-0.09788703999999959,224.20631999999983,2
-0.09042809999999966,221.94265999999993,2
-0.09042809999999966,221.94265999999993,2
-0.09788703999999959,230.24381999999986,2
-0.09788703999999959,230.24381999999986,2
-0.10534895999999958,230.23415999999992,2
-0.10534895999999958,230.23415999999992,2
-0.09416203999999959,221.18273999999988,2
-0.09416203999999959,221.18273999999988,2
-0.10162395999999958,219.67899999999986,2
-0.10162395999999958,219.67899999999986,2
-0.09042809999999966,227.22023999999973,2
-0.09042809999999966,227.22023999999973,2
-0.1003753399999997,218.17847999999975,2
-0.1003753399999997,218.17847999999975,2
-0.08794277999999962,224.96623999999974,2
-0.08794277999999962,224.96623999999974,2
-0.0966413999999995,218.92873999999975,2
-0.0966413999999995,218.92873999999975,2
-0.08545745999999958,221.94265999999962,2
-0.08545745999999958,221.94265999999962,2
-0.09291639999999951,218.1688199999997,2
-0.09291639999999951,218.1688199999997,2
-0.10410927999999962,225.71005999999957,2
-0.10410927999999962,225.71005999999957,2
-0.0966413999999995,229.48389999999966,2
-0.0966413999999995,229.48389999999966,2
-0.0978780999999994,226.46997999999977,2
-0.0978780999999994,226.46997999999977,2
-0.09166777999999935,227.22023999999973,2
-0.09166777999999935,227.22023999999973,2
-0.10037533999999942,234.76147999999975,2
-0.10037533999999942,234.76147999999975,2
-0.0904280999999994,226.46031999999985,2
-0.0904280999999994,226.46031999999985,2
-0.08918245999999931,218.9287399999999,2
-0.08918245999999931,218.9287399999999,2
-0.1065945999999994,229.47424000000004,2
-0.1065945999999994,229.47424000000004,2
-0.09912671999999928,231.73789999999994,2
-0.09912671999999928,231.73789999999994,2
-0.09788703999999931,229.47424000000004,2
-0.09788703999999931,229.47424000000004,2
-0.10658565999999921,229.48389999999995,2
-0.10658565999999921,229.48389999999995,2
-0.08919139999999924,221.94265999999993,2
-0.08919139999999924,221.94265999999993,2
-0.09912671999999928,234.75181999999984,2
-0.09912671999999928,234.75181999999984,2
-0.0866941599999992,225.71005999999986,2
-0.0866941599999992,225.71005999999986,2
-0.09664139999999924,217.41855999999987,2
-0.09664139999999924,217.41855999999987,2
-0.10410927999999935,224.95657999999983,2
-0.10410927999999935,224.95657999999983,2
-0.08544553999999932,226.46997999999977,2
-0.11889306000000006,206.11957999999996,3
-0.12137241999999998,212.1409799999999,3
-0.12137241999999998,212.1409799999999,3
-0.10770911999999987,212.88157999999996,3
-0.10770911999999987,212.88157999999996,3
-0.11516209999999993,197.85062000000002,3
-0.11516209999999993,197.85062000000002,3
-0.12138135999999991,205.36932,3
-0.12138135999999991,205.36932,3
-0.1151680599999998,206.87306,3
-0.1151680599999998,206.87306,3
-0.11019741999999971,203.85913999999997,3
-0.11019741999999971,203.85913999999997,3
-0.12013273999999975,209.8869799999999,3
-0.12013273999999975,209.8869799999999,3
-0.12510635999999964,212.13131999999985,3
-0.12510635999999964,212.13131999999985,3
-0.10522379999999956,206.11313999999982,3
-0.10522379999999956,206.11313999999982,3
-0.11889305999999952,203.86879999999988,3
-0.11889305999999952,203.86879999999988,3
-0.12386667999999941,209.87731999999986,3
-0.12386667999999941,209.87731999999986,3
-0.11019741999999944,211.38749999999985,3
-0.11019741999999944,211.38749999999985,3
-0.11019741999999944,197.85705999999988,3
-0.11019741999999944,197.85705999999988,3
-0.12510635999999936,203.86879999999988,3
-0.12510635999999936,203.86879999999988,3
-0.12385773999999948,218.89975999999984,3
-0.12385773999999948,218.89975999999984,3
-0.10894879999999955,203.11853999999977,3
-0.10894879999999955,203.11853999999977,3
-0.11641667999999968,197.8570599999997,3
-0.11641667999999968,197.8570599999997,3
-0.12510635999999964,211.3874999999997,3
-0.12510635999999964,211.3874999999997,3
-0.1064724199999997,205.3693199999997,3
-0.1064724199999997,205.3693199999997,3
-0.12013273999999975,214.38209999999964,3
-0.12013273999999975,214.38209999999964,3
-0.12385773999999976,209.88697999999962,3
-0.12385773999999976,209.88697999999962,3
-0.10646049999999972,210.62757999999968,3
-0.10646049999999972,210.62757999999968,3
-0.1139224199999997,196.34687999999971,3
-0.1139224199999997,196.34687999999971,3
-0.11640773999999976,203.86879999999974,3
-0.11640773999999976,203.86879999999974,3
-0.12385773999999976,205.3693199999997,3
-0.12385773999999976,205.3693199999997,3
-0.11143411999999987,209.12705999999972,3
-0.11143411999999987,209.12705999999972,3
-0.11764741999999997,208.37357999999966,3
-0.11764741999999997,208.37357999999966,3
-0.12261209999999993,210.63723999999974,3
-0.12261209999999993,210.63723999999974,3
-0.11268274000000003,203.86879999999974,3
-0.11268274000000003,203.86879999999974,3
-0.11019741999999998,201.61479999999975,3
-0.11019741999999998,201.61479999999975,3
-0.11889306000000006,207.6233199999997,3
-0.11889306000000006,207.6233199999997,3
-0.11888709999999994,208.37357999999966,3
-0.11888709999999994,208.37357999999966,3
-0.11268274000000003,202.36505999999972,3
-0.11268274000000003,202.36505999999972,3
-0.11889306000000006,213.64149999999972,3
-0.11889306000000006,213.64149999999972,3
-0.1126738000000001,215.14523999999975,3
-0.1126738000000001,215.14523999999975,3
-0.11143412000000015,206.87305999999973,3
-0.1275112200000001,189.55912,4
-0.12875090000000006,185.78206,4
-0.12875090000000006,185.78206,4
-0.12875090000000006,192.5827,4
-0.12875090000000006,192.5827,4
-0.13370664000000007,193.33295999999996,4
-0.13370664000000007,193.33295999999996,4
-0.12503483999999998,189.55912,4
-0.12503483999999998,189.55912,4
-0.13495525999999997,197.85706000000002,4
-0.13495525999999997,197.85706000000002,4
-0.13743164000000008,199.36080000000004,4
-0.13743164000000008,199.36080000000004,4
-0.12254654000000013,193.32330000000005,4
-0.12254654000000013,193.32330000000005,4
-0.12875090000000006,191.81956000000002,4
-0.12875090000000006,191.81956000000002,4
-0.12378622000000009,193.32330000000005,4
-0.12378622000000009,193.32330000000005,4
-0.1262745200000002,190.30938,4
-0.1262745200000002,190.30938,4
-0.1275112200000001,185.04145999999994,4
-0.1275112200000001,185.04145999999994,4
-0.12874196000000013,197.85706000000002,4
-0.12874196000000013,197.85706000000002,4
-0.1262745200000002,194.83348000000007,4
-0.1262745200000002,194.83348000000007,4
-0.12999058000000027,191.05964000000012,4
-0.12999058000000027,191.05964000000012,4
-0.13246696000000038,196.34688000000014,4
-0.13246696000000038,196.34688000000014,4
-0.12378622000000036,196.34688000000014,4
-0.12378622000000036,196.34688000000014,4
-0.1287509000000003,184.2815400000002,4
-0.1287509000000003,184.2815400000002,4
-0.1386713200000003,197.1003600000002,4
-0.1386713200000003,197.1003600000002,4
-0.12130984000000024,191.08862000000016,4
-0.12130984000000024,191.08862000000016,4
-0.13123622000000035,200.12394000000015,4
-0.13123622000000035,200.12394000000015,4
-0.13742270000000043,194.8270400000002,4
-0.13742270000000043,194.8270400000002,4
-0.1225465400000004,186.5419800000002,4
-0.1225465400000004,186.5419800000002,4
-0.13370664000000035,202.37472000000022,4
-0.13370664000000035,202.37472000000022,4
-0.13742270000000043,200.8645400000002,4
-0.13742270000000043,200.8645400000002,4
-0.12502590000000033,201.62446000000025,4
-0.12502590000000033,201.62446000000025,4
-0.12999058000000027,187.3051200000003,4
-0.12999058000000027,187.3051200000003,4
-0.1324759000000003,191.06930000000034,4
-0.1324759000000003,191.06930000000034,4
-0.1188215400000004,194.83348000000035,4
-0.1188215400000004,194.83348000000035,4
-0.12999058000000027,191.8195600000003,4
-0.12999058000000027,191.8195600000003,4
-0.13495526000000022,198.6008800000003,4
-0.13495526000000022,198.6008800000003,4
-0.12130984000000024,200.1110600000003,4
-0.12130984000000024,200.1110600000003,4
-0.12254654000000013,185.79172000000037,4
-0.12254654000000013,185.79172000000037,4
-0.12999058,190.30938000000043,4
-0.12999058,190.30938000000043,4
-0.12503483999999998,193.33296000000038,4
-0.12503483999999998,193.33296000000038,4
-0.12750227999999988,191.81956000000045,4
-0.12750227999999988,191.81956000000045,4
-0.12875089999999975,185.0318000000005,4
-0.12525833999999997,187.24716000000006,5
-0.12974919999999987,191.98378000000008,5
-0.12750227999999988,191.98378000000008,5
-0.12750227999999988,187.24716000000006,5
-0.12974919999999987,187.24716000000006,5
-0.12525833999999997,191.98378000000008,5
-0.12653974,183.43468000000001,5
-0.13092630000000008,188.28722000000008,5
-0.12878666000000003,188.28722000000008,5
-0.12878666000000003,183.43468000000001,5
-0.1309263000000001,183.43468000000001,5
-0.12653974000000004,188.28722000000008,5
-0.12653974,190.25142000000005,5
-0.13092630000000008,194.98804000000007,5
-0.12878666000000003,194.98804000000007,5
-0.12878666000000003,190.25142000000005,5
-0.1309263000000001,190.25142000000005,5
-0.12653974000000004,194.98804000000007,5
-0.13145972000000009,190.94372000000007,5
-0.13595058,195.79948000000005,5
-0.13370664000000007,195.79948000000005,5
-0.13370664000000007,190.94372000000007,5
-0.13595058,190.94372000000007,5
-0.13145972000000009,195.79948000000005,5
-0.12279686000000017,187.24716000000006,5
-0.12728772000000008,191.98378000000008,5
-0.12504378000000016,191.98378000000008,5
-0.12504378000000016,187.24716000000006,5
-0.12728772000000008,187.24716000000006,5
-0.12279686000000016,191.98378000000008,5
-0.1327441000000002,195.45172000000008,5
-0.1371276800000002,200.30426000000014,5
-0.13488076000000024,200.30426000000014,5
-0.13488076000000024,195.45172000000008,5
-0.13712768000000022,195.45172000000008,5
-0.13274410000000023,200.30426000000014,5
-0.1352026000000002,196.9554600000001,5
-0.13958916000000027,201.80800000000016,5
-0.13744952000000019,201.80800000000016,5
-0.13744952000000019,196.9554600000001,5
-0.1395891600000003,196.9554600000001,5
-0.13520260000000023,201.80800000000016,5
-0.12033836000000017,190.9437200000002,5
-0.12472492000000025,195.7994800000002,5
-0.12258528000000017,195.7994800000002,5
-0.12258528000000017,190.9437200000002,5
-0.12472492000000025,190.9437200000002,5
-0.12033836000000017,195.7994800000002,5
-0.1265397400000003,189.44320000000027,5
-0.13092630000000036,194.29574000000034,5
-0.12878666000000027,194.2957400000003,5
-0.12878666000000027,189.44320000000025,5
-0.13092630000000038,189.44320000000027,5
-0.12653974000000032,194.29574000000034,5
-0.1215154600000004,190.94372000000038,5
-0.1260063200000003,195.79948000000036,5
-0.12375940000000031,195.79948000000036,5
-0.12375940000000031,190.94372000000038,5
-0.1260063200000003,190.94372000000038,5
-0.1215154600000004,195.79948000000036,5
-0.1240812400000003,187.9394600000004,5
-0.1284648200000003,192.79200000000046,5
-0.12622088000000037,192.79200000000046,5
-0.12622088000000037,187.9394600000004,5
-0.1284648200000003,187.9394600000004,5
-0.1240812400000003,192.79200000000046,5
-0.12525834000000025,182.7391600000005,5
-0.12974920000000015,187.47900000000044,5
-0.12750228000000016,187.47900000000044,5
-0.12750228000000016,182.7391600000005,5
-0.12974920000000015,182.7391600000005,5
-0.12525834000000025,187.47900000000044,5
-0.1265397400000003,195.4517200000005,5
-0.13092630000000036,200.30426000000057,5
-0.12867938000000037,200.30426000000057,5
-0.12867938000000037,195.4517200000005,5
-0.13092630000000038,195.4517200000005,5
-0.12653974000000032,200.30426000000057,5
-0.1240812400000003,192.44746000000055,5
-0.1284648200000003,197.3000000000006,5
-0.12622088000000037,197.30000000000058,5
-0.12622088000000037,192.44746000000052,5
-0.1284648200000003,192.44746000000055,5
-0.1240812400000003,197.3000000000006,5
-0.12771684000000025,188.75090000000054,5
-0.13221068000000022,193.48752000000056,5
-0.12996376000000023,193.48752000000053,5
-0.12996376000000023,188.7509000000005,5
-0.13221068000000022,188.75090000000054,5
-0.12771684000000025,193.48752000000056,5
-0.1301783200000003,193.94798000000048,5
-0.1346691800000002,198.80374000000046,5
-0.13242226000000024,198.80374000000046,5
-0.13242226000000024,193.94798000000048,5
-0.13466918000000022,193.94798000000048,5
-0.13017832000000032,198.80374000000046,5
-0.1215154600000004,193.94798000000048,5
-0.1260063200000003,198.80374000000046,5
-0.12375940000000031,198.80374000000046,5
-0.12375940000000031,193.94798000000048,5
-0.1260063200000003,193.94798000000048,5
-0.1215154600000004,198.80374000000046,5
-0.1265397400000003,181.93094000000045,5
-0.13092630000000036,186.7834800000005,5
-0.12878666000000027,186.78348000000048,5
-0.12878666000000027,181.93094000000042,5
-0.13092630000000038,181.93094000000045,5
-0.12653974000000032,186.7834800000005,5
-0.13637970000000044,194.7594200000005,5
-0.14087056000000034,199.4960400000005,5
-0.13862662000000042,199.4960400000005,5
-0.13862662000000042,194.7594200000005,5
-0.14087056000000034,194.7594200000005,5
-0.13637970000000044,199.4960400000005,5
-0.11905398000000032,188.75090000000054,5
-0.12354782000000031,193.48752000000056,5
-0.12130090000000032,193.48752000000053,5
-0.12130090000000032,188.7509000000005,5
-0.12354782000000031,188.75090000000054,5
-0.11905398000000034,193.48752000000056,5
-0.12900122000000036,197.76368000000062,5
-0.13349208000000026,202.50030000000064,5
-0.13124814000000035,202.50030000000064,5
-0.13124814000000035,197.76368000000062,5
-0.13349208000000026,197.76368000000062,5
-0.12900122000000036,202.50030000000064,5
-0.13520260000000048,192.4474600000007,5
-0.13958916000000055,197.30000000000075,5
-0.13744952000000046,197.30000000000075,5
-0.13744952000000046,192.4474600000007,5
-0.13958916000000055,192.4474600000007,5
-0.13520260000000048,197.30000000000075,5
-0.12033836000000045,184.24290000000067,5
-0.12472492000000053,188.9795200000007,5
-0.12258528000000044,188.9795200000007,5
-0.12258528000000044,184.24290000000067,5
-0.12472492000000052,184.24290000000067,5
-0.12033836000000044,188.9795200000007,5
-0.13145972000000036,199.95650000000074,5
-0.13595058000000027,204.81226000000072,5
-0.13370664000000035,204.81226000000072,5
-0.13370664000000035,199.95650000000074,5
-0.13595058000000027,199.95650000000074,5
-0.13145972000000036,204.81226000000072,5
-0.13520260000000048,198.45598000000078,5
-0.13958916000000055,203.30852000000084,5
-0.13744952000000046,203.30852000000084,5
-0.13744952000000046,198.45598000000078,5
-0.13958916000000055,198.45598000000078,5
-0.13520260000000048,203.30852000000084,5
-0.12279686000000045,199.26420000000087,5
-0.12728772000000035,204.11996000000084,5
-0.12504378000000044,204.11996000000084,5
-0.12504378000000044,199.26420000000087,5
-0.12728772000000035,199.26420000000087,5
-0.12279686000000044,204.11996000000084,5
-0.1277168400000005,184.93520000000086,5
-0.13221068000000047,189.79096000000084,5
-0.1299637600000005,189.79096000000084,5
-0.1299637600000005,184.93520000000086,5
-0.1322106800000005,184.93520000000086,5
-0.12771684000000053,189.79096000000084,5
-0.13017832000000057,188.75090000000083,5
-0.13466918000000047,193.48752000000084,5
-0.1324222600000005,193.48752000000084,5
-0.1324222600000005,188.75090000000083,5
-0.1346691800000005,188.75090000000083,5
-0.1301783200000006,193.48752000000084,5
-0.1165954800000006,192.44746000000083,5
-0.12108634000000051,197.3000000000009,5
-0.11883942000000053,197.3000000000009,5
-0.11883942000000053,192.44746000000083,5
-0.12108634000000051,192.44746000000083,5
-0.1165954800000006,197.3000000000009,5
-0.1277168400000005,189.44320000000084,5
-0.13221068000000047,194.2957400000009,5
-0.1299637600000005,194.2957400000009,5
-0.1299637600000005,189.44320000000084,5
-0.1322106800000005,189.44320000000084,5
-0.12771684000000053,194.2957400000009,5
-0.13274410000000048,196.25994000000088,5
-0.13712768000000047,200.9965600000009,5
-0.1348807600000005,200.9965600000009,5
-0.1348807600000005,196.25994000000088,5
-0.1371276800000005,196.25994000000088,5
-0.1327441000000005,200.9965600000009,5
-0.1190539800000006,197.7636800000009,5
-0.12354782000000059,202.50030000000092,5
-0.12130090000000059,202.50030000000092,5
-0.12130090000000059,197.7636800000009,5
-0.12354782000000057,197.7636800000009,5
-0.11905398000000059,202.50030000000092,5
-0.12033836000000071,183.4346800000009,5
-0.1247249200000008,188.28722000000096,5
-0.12258528000000071,188.28722000000096,5
-0.12258528000000071,183.4346800000009,5
-0.1247249200000008,183.4346800000009,5
-0.12033836000000071,188.28722000000096,5
-0.12771684000000078,187.93946000000096,5
-0.13221068000000075,192.79200000000102,5
-0.12996376000000076,192.79200000000102,5
-0.12996376000000076,187.93946000000096,5
-0.13221068000000077,187.93946000000096,5
-0.1277168400000008,192.79200000000102,5
-0.12279686000000072,190.9437200000011,5
-0.12728772000000063,195.79948000000107,5
-0.12504378000000071,195.79948000000107,5
-0.12504378000000071,190.9437200000011,5
-0.12728772000000063,190.9437200000011,5
-0.12279686000000072,195.79948000000107,5
-0.12525834000000077,189.44320000000116,5
-0.12974920000000068,194.29574000000122,5
-0.12750228000000072,194.2957400000012,5
-0.12750228000000072,189.44320000000113,5
-0.1297492000000007,189.44320000000116,5
-0.1252583400000008,194.29574000000122,5
-0.12653974000000084,182.6232400000012,5
-0.1309263000000009,187.47900000000118,5
-0.12867938000000093,187.47900000000118,5
-0.12867938000000093,182.6232400000012,5
-0.1309263000000009,182.6232400000012,5
-0.12653974000000084,187.47900000000118,5
-0.13239543999999992,181.27727999999993,6
-0.13363511999999989,180.52379999999988,6
-0.13363511999999989,180.52379999999988,6
-0.1398573599999999,185.80137999999985,6
-0.1398573599999999,185.80137999999985,6
-0.14730735999999992,179.0232799999998,6
-0.14730735999999992,179.0232799999998,6
-0.13612937999999983,183.54737999999986,6
-0.13612937999999983,183.54737999999986,6
-0.13114979999999982,186.56451999999982,6
-0.13114979999999982,186.56451999999982,6
-0.1398484199999997,183.54093999999986,6
-0.1398484199999997,183.54093999999986,6
-0.13114979999999982,185.80137999999985,6
-0.13114979999999982,185.80137999999985,6
-0.13488075999999996,173.72637999999984,6
-0.13488075999999996,173.72637999999984,6
-0.13114979999999982,186.56451999999982,6
-0.13114979999999982,186.56451999999982,6
-0.1435823599999999,172.22585999999976,6
-0.1435823599999999,172.22585999999976,6
-0.12866149999999998,186.55485999999974,6
-0.12866149999999998,186.55485999999974,6
-0.14606767999999995,184.30085999999974,6
-0.14606767999999995,184.30085999999974,6
-0.12991011999999988,185.0511199999997,6
-0.12991011999999988,185.0511199999997,6
-0.14358831999999977,182.78745999999967,6
-0.14358831999999977,182.78745999999967,6
-0.13612341999999972,185.0511199999997,6
-0.13612341999999972,185.0511199999997,6
-0.14606767999999967,181.2772799999998,6
-0.14606767999999967,181.2772799999998,6
-0.1336440599999998,187.31477999999979,6
-0.1336440599999998,187.31477999999979,6
-0.13736011999999986,189.56555999999972,6
-0.13736011999999986,189.56555999999972,6
-0.13362617999999996,185.8013799999997,6
-0.13362617999999996,185.8013799999997,6
-0.13239543999999992,187.31477999999964,6
-0.13239543999999992,187.31477999999964,6
-0.13860874000000004,175.2494399999997,6
-0.13860874000000004,175.2494399999997,6
-0.13860874000000004,187.31477999999964,6
-0.13860874000000004,187.31477999999964,6
-0.14109406000000008,185.05111999999957,6
-0.14109406000000008,185.05111999999957,6
-0.13363512000000013,188.81529999999958,6
-0.13363512000000013,188.81529999999958,6
-0.13984842000000025,185.80137999999954,6
-0.13984842000000025,185.80137999999954,6
-0.13114980000000037,185.81103999999962,6
-0.13114980000000037,185.81103999999962,6
-0.1423426800000005,183.54093999999955,6
-0.1423426800000005,183.54093999999955,6
-0.13114980000000037,186.5645199999995,6
-0.13114980000000037,186.5645199999995,6
-0.14606768000000048,182.7874599999995,6
-0.14606768000000048,182.7874599999995,6
-0.13238650000000055,185.0607799999995,6
-0.13238650000000055,185.0607799999995,6
-0.14482800000000054,183.54093999999955,6
-0.14482800000000054,183.54093999999955,6
-0.13860874000000056,185.80137999999954,6
-0.13860874000000056,185.80137999999954,6
-0.1336351200000007,190.32869999999954,6
-0.1336351200000007,190.32869999999954,6
-0.1361234200000008,177.5002199999995,6
-0.1361234200000008,177.5002199999995,6
-0.1448280000000008,191.0789599999995,6
-0.1448280000000008,191.0789599999995,6
-0.1398484200000008,184.30085999999946,6
-0.1398484200000008,184.30085999999946,6
-0.1361234200000008,189.57843999999943,6
-0.15079098000000005,173.78433999999993,7
-0.16324141999999997,173.78433999999993,7
-0.16324141999999997,173.78433999999993,7
-0.15949853999999986,167.74683999999993,7
-0.15949853999999986,167.74683999999993,7
-0.1507909799999998,169.25701999999995,7
-0.1507909799999998,169.25701999999995,7
-0.16448109999999966,167.74683999999993,7
-0.16448109999999966,167.74683999999993,7
-0.15327927999999963,163.21951999999996,7
-0.15327927999999963,163.21951999999996,7
-0.14705703999999958,173.794,7
-0.14705703999999958,173.794,7
-0.16199279999999955,172.28060000000005,7
-0.16199279999999955,172.28060000000005,7
-0.15327927999999963,168.50676000000013,7
-0.15327927999999963,168.50676000000013,7
-0.14829671999999955,169.2570200000001,7
-0.14829671999999955,169.2570200000001,7
-0.16571779999999955,176.80792000000005,7
-0.16571779999999955,176.80792000000005,7
-0.1483026799999997,172.27094,7
-0.1483026799999997,172.27094,7
-0.14207447999999978,166.98692000000005,7
-0.14207447999999978,166.98692000000005,7
-0.15327927999999988,160.18628000000007,7
-0.15327927999999988,160.18628000000007,7
-0.14830267999999994,173.0340800000001,7
-0.14830267999999994,173.0340800000001,7
-0.16322353999999986,170.76076000000012,7
-0.16322353999999986,170.76076000000012,7
-0.15451597999999978,164.72326000000012,7
-0.15451597999999978,164.72326000000012,7
-0.14704809999999965,166.23344000000014,7
-0.14704809999999965,166.23344000000014,7
-0.16073821999999954,164.72326000000012,7
-0.16073821999999954,164.72326000000012,7
-0.1507820399999996,168.49710000000007,7
-0.1507820399999996,168.49710000000007,7
-0.1457994799999995,168.50676000000013,7
-0.1457994799999995,168.50676000000013,7
-0.15451597999999953,166.9965800000001,7
-0.15451597999999953,166.9965800000001,7
-0.15326735999999963,169.2570200000001,7
-0.15326735999999963,169.2570200000001,7
-0.15575565999999974,166.2237800000001,7
-0.15575565999999974,166.2237800000001,7
-0.1570042799999996,160.95586000000003,7
-0.1570042799999996,160.95586000000003,7
-0.1445627799999996,165.48318000000003,7
-0.1445627799999996,165.48318000000003,7
-0.16446321999999955,169.25701999999995,7
-0.16446321999999955,169.25701999999995,7
-0.15575565999999946,166.23344,7
-0.15575565999999946,166.23344,7
-0.1457994799999995,169.25701999999995,7
-0.1457994799999995,169.25701999999995,7
-0.1632145999999994,166.97403999999992,7
-0.1632145999999994,166.97403999999992,7
-0.15325841999999942,171.52067999999989,7
-0.15325841999999942,171.52067999999989,7
-0.14331415999999947,158.6825399999999,7
-0.14331415999999947,158.6825399999999,7
-0.15823203999999957,164.7329199999999,7
-0.15823203999999957,164.7329199999999,7
-0.1532524599999996,166.99657999999997,7
-0.1532524599999996,166.99657999999997,7
-0.14703915999999947,167.74683999999993,7
-0.14703915999999947,167.74683999999993,7
-0.1545070399999996,167.74683999999993,7
-0.1545070399999996,167.74683999999993,7
-0.14330521999999954,168.50675999999999,7
-0.14330521999999954,168.50675999999999,7
-0.16195703999999958,164.72325999999998,7
-0.15081780000000009,176.15425999999997,8
-0.15081780000000009,171.2985,8
-0.1530647200000001,173.72638,8
-0.14857088000000013,173.72638,8
-0.16322354000000014,176.15425999999997,8
-0.16322354000000014,171.2985,8
-0.16547046000000012,173.72638,8
-0.16097662000000015,173.72638,8
-0.15948066000000002,170.14251999999996,8
-0.15948066000000002,165.2899799999999,8
-0.16172758,167.7178599999999,8
-0.15723374000000004,167.7178599999999,8
-0.15081780000000009,171.64625999999984,8
-0.15081780000000009,166.79371999999978,8
-0.1530647200000001,169.21837999999985,8
-0.14857088000000013,169.21837999999985,8
-0.16450791999999997,170.14251999999982,8
-0.16450791999999997,165.28997999999976,8
-0.1667518599999999,167.71785999999975,8
-0.162261,167.71785999999975,8
-0.15327927999999988,165.63773999999972,8
-0.15327927999999988,160.78197999999975,8
-0.15552321999999982,163.20985999999976,8
-0.15103235999999992,163.20985999999976,8
-0.14707491999999997,176.15425999999968,8
-0.14707491999999997,171.2984999999997,8
-0.14931885999999991,173.7263799999997,8
-0.144828,173.7263799999997,8
-0.16193916,174.65051999999966,8
-0.16193916,169.7979799999996,8
-0.16418608,172.2258599999996,8
-0.15980250000000001,172.2258599999996,8
-0.15327927999999988,170.8380399999996,8
-0.15327927999999988,166.1014199999996,8
-0.15552321999999982,168.52607999999967,8
-0.15103235999999992,168.52607999999967,8
-0.14835632000000004,171.6462599999997,8
-0.14835632000000004,166.79371999999964,8
-0.15060324000000003,169.21837999999968,8
-0.14611238000000012,169.21837999999968,8
-0.16568204000000014,179.15851999999967,8
-0.16568204000000014,174.3059799999996,8
-0.16792896000000013,176.73063999999968,8
-0.16343810000000022,176.73063999999968,8
-0.1483563200000003,174.65051999999966,8
-0.1483563200000003,169.7979799999996,8
-0.1506032400000003,172.2258599999996,8
-0.1461123800000004,172.2258599999996,8
-0.14215494000000045,169.3342999999996,8
-0.14215494000000045,164.59767999999957,8
-0.14440186000000044,166.90963999999954,8
-0.13990802000000047,166.90963999999954,8
-0.15327928000000043,162.63347999999945,8
-0.15327928000000043,157.7809399999994,8
-0.15552322000000035,160.2055999999995,8
-0.15103236000000045,160.2055999999995,8
-0.14835632000000057,175.34281999999956,8
-0.14835632000000057,170.60619999999955,8
-0.15060324000000055,173.03407999999953,8
-0.14611238000000065,173.03407999999953,8
-0.16322354000000067,173.14999999999958,8
-0.16322354000000067,168.2942399999996,8
-0.16547046000000065,170.72211999999956,8
-0.16097662000000068,170.72211999999956,8
-0.15456068000000076,167.13825999999955,8
-0.15456068000000076,162.2857199999995,8
-0.15680760000000074,164.71359999999947,8
-0.15231376000000077,164.71359999999947,8
-0.1470749200000008,168.64199999999943,8
-0.1470749200000008,163.78945999999937,8
-0.14931886000000072,166.21411999999944,8
-0.14482799999999998,166.21411999999944,8
-0.16076503999999986,167.1382599999994,8
-0.16076503999999986,162.28571999999934,8
-0.16300897999999978,164.71359999999933,8
-0.15851811999999987,164.71359999999933,8
-0.15081779999999984,170.83803999999932,8
-0.15081779999999984,166.1014199999993,8
-0.15306471999999982,168.41015999999934,8
-0.14857087999999985,168.41015999999934,8
-0.14589781999999976,170.83803999999932,8
-0.14589781999999976,166.1014199999993,8
-0.14803745999999984,168.52607999999938,8
-0.14365089999999978,168.52607999999938,8
-0.15456067999999967,169.33429999999944,8
-0.15456067999999967,164.59767999999943,8
-0.15680759999999966,167.02555999999942,8
-0.1523137599999997,167.02555999999942,8
-0.15327927999999963,171.6462599999994,8
-0.15327927999999963,166.79371999999933,8
-0.15552321999999955,169.2183799999994,8
-0.15103235999999964,169.2183799999994,8
-0.15573777999999963,168.64199999999943,8
-0.15573777999999963,163.78945999999937,8
-0.15798171999999955,166.21411999999944,8
-0.15349085999999965,166.21411999999944,8
-0.15701917999999968,163.3257799999995,8
-0.15701917999999968,158.58915999999948,8
-0.15926609999999966,160.8978999999995,8
-0.15477523999999976,160.8978999999995,8
-0.14461641999999972,167.83377999999948,8
-0.14461641999999972,163.09393999999955,8
-0.14686035999999963,165.40589999999952,8
-0.14236949999999973,165.40589999999952,8
-0.1644006399999998,171.64625999999953,8
-0.1644006399999998,166.79371999999947,8
-0.16664457999999974,169.21837999999957,8
-0.16226099999999974,169.21837999999957,8
-0.15573777999999963,168.64199999999957,8
-0.15573777999999963,163.7894599999995,8
-0.15798171999999955,166.21411999999958,8
-0.15349085999999965,166.21411999999958,8
-0.14589781999999976,171.64625999999953,8
-0.14589781999999976,166.79371999999947,8
-0.14803745999999984,169.21837999999957,8
-0.14365089999999978,169.21837999999957,8
-0.16322353999999986,169.3342999999996,8
-0.16322353999999986,164.59767999999957,8
-0.16547045999999985,166.90963999999954,8
-0.16097661999999988,166.90963999999954,8
-0.15327927999999988,173.8422999999996,8
-0.15327927999999988,169.10245999999967,8
-0.15552321999999982,171.53033999999965,8
-0.15103235999999992,171.53033999999965,8
-0.14333203999999986,161.1297399999996,8
-0.14333203999999986,156.27719999999954,8
-0.14557895999999984,158.70507999999953,8
-0.14119239999999977,158.70507999999953,8
-0.15819627999999988,167.13825999999955,8
-0.15819627999999988,162.2857199999995,8
-0.16044319999999987,164.71359999999947,8
-0.1560566399999998,164.71359999999947,8
-0.15327927999999988,169.33429999999944,8
-0.15327927999999988,164.59767999999943,8
-0.15552321999999982,167.02555999999942,8
-0.15103235999999992,167.02555999999942,8
-0.14707491999999997,170.14251999999937,8
-0.14707491999999997,165.2899799999993,8
-0.14931885999999991,167.7178599999993,8
-0.144828,167.7178599999993,8
-0.15456067999999995,170.14251999999937,8
-0.15456067999999995,165.2899799999993,8
-0.15680759999999994,167.7178599999993,8
-0.15231375999999996,167.7178599999993,8
-0.14333203999999986,170.83803999999932,8
-0.14333203999999986,166.1014199999993,8
-0.14557895999999984,168.52607999999938,8
-0.14108511999999987,168.52607999999938,8
-0.16193915999999975,167.1382599999994,8
-0.16193915999999975,162.28571999999934,8
-0.16418607999999973,164.71359999999933,8
-0.15969521999999983,164.71359999999933,8
-0.16314308,166.24310000000006,9
-0.1469586999999999,168.51642000000004,9
-0.1469586999999999,168.51642000000004,9
-0.153172,165.51216000000008,9
-0.153172,165.51216000000008,9
-0.1569059399999999,169.26668,9
-0.1569059399999999,169.26668,9
-0.15193232000000004,172.29992000000004,9
-0.15193232000000004,172.29992000000004,9
-0.16187658,162.45960000000008,9
-0.16187658,162.45960000000008,9
-0.1519144399999999,165.4928400000001,9
-0.1519144399999999,165.4928400000001,9
-0.1519144399999999,167.75650000000016,9
-0.1519144399999999,167.75650000000016,9
-0.1531511399999998,166.2624200000002,9
-0.1531511399999998,166.2624200000002,9
-0.14818049999999972,166.23344000000014,9
-0.14818049999999972,166.23344000000014,9
-0.15191443999999965,164.72326000000012,9
-0.15191443999999965,164.72326000000012,9
-0.15190549999999972,161.69968000000017,9
-0.15190549999999972,161.69968000000017,9
-0.14817155999999979,172.29026000000013,9
-0.14817155999999979,172.29026000000013,9
-0.16185869999999988,170.02660000000006,9
-0.16185869999999988,170.02660000000006,9
-0.14940825999999996,172.29992000000004,9
-0.14940825999999996,172.29992000000004,9
-0.16184975999999995,165.4928400000001,9
-0.16184975999999995,165.4928400000001,9
-0.16309837999999985,169.26668,9
-0.16309837999999985,169.26668,9
-0.14816261999999988,165.48318000000003,9
-0.14816261999999988,165.48318000000003,9
-0.154364,163.973,9
-0.154364,163.973,9
-0.154364,158.67610000000008,9
-0.154364,158.67610000000008,9
-0.15063006000000007,170.02660000000006,9
-0.15063006000000007,170.02660000000006,9
-0.1605773000000001,167.76616000000007,9
-0.1605773000000001,167.76616000000007,9
-0.15683441999999997,167.75650000000002,9
-0.15683441999999997,167.75650000000002,9
-0.15808006000000008,163.973,9
-0.15808006000000008,163.973,9
-0.15184292,162.44994,9
-0.15184292,162.44994,9
-0.15308259999999993,173.05339999999995,9
-0.15308259999999993,173.05339999999995,9
-0.16676974000000003,169.25701999999995,9
-0.16676974000000003,169.25701999999995,9
-0.15556791999999997,164.72325999999998,9
-0.15556791999999997,164.72325999999998,9
-0.14808216000000002,166.99657999999997,9
-0.14808216000000002,166.99657999999997,9
-0.16300898000000005,169.26668,9
-0.16300898000000005,169.26668,9
-0.15180716000000002,164.73292000000004,9
-0.15180716000000002,164.73292000000004,9
-0.16175440000000005,170.78974000000002,9
-0.16175440000000005,170.78974000000002,9
-0.15426566,169.26668,9
-0.15426566,169.26668,9
-0.1455312799999999,172.29992000000004,9
-0.1455312799999999,172.29992000000004,9
-0.1617067199999998,167.75650000000002,9
-0.1617067199999998,167.75650000000002,9
-0.15423883999999968,170.02660000000006,9
-0.15423883999999968,170.02660000000006,9
-0.14923839999999977,166.23344,9
-0.14923839999999977,166.23344,9
-0.15794595999999986,175.3235,9
-0.15794595999999986,175.3235,9
-0.15169987999999984,167.74683999999993,9
-0.16160241999999997,160.99450000000002,10
-0.1566288000000001,170.78007999999997,10
-0.1566288000000001,170.78007999999997,10
-0.14916986000000018,171.54000000000002,10
-0.14916986000000018,171.54000000000002,10
-0.16279442000000025,169.27633999999995,10
-0.16279442000000025,169.27633999999995,10
-0.1540868600000002,165.51215999999994,10
-0.1540868600000002,165.51215999999994,10
-0.1577880200000002,167.76615999999993,10
-0.1577880200000002,167.76615999999993,10
-0.15901578000000016,176.8079199999999,10
-0.15901578000000016,176.8079199999999,10
-0.1465832200000001,170.78007999999997,10
-0.1465832200000001,170.78007999999997,10
-0.16393575999999996,172.29026,10
-0.16393575999999996,172.29026,10
-0.15275182000000004,170.02659999999992,10
-0.15275182000000004,170.02659999999992,10
-0.14404425999999995,171.53999999999985,10
-0.14404425999999995,171.53999999999985,10
-0.15767179999999983,168.5164199999999,10
-0.15767179999999983,168.5164199999999,10
-0.15392891999999972,170.02659999999992,10
-0.15392891999999972,170.02659999999992,10
-0.16135209999999967,168.5164199999999,10
-0.16135209999999967,168.5164199999999,10
-0.15761815999999973,173.0437399999999,10
-0.15761815999999973,173.0437399999999,10
-0.1476709199999997,173.78433999999993,10
-0.1476709199999997,173.78433999999993,10
-0.16501451999999966,171.53033999999994,10
-0.16501451999999966,171.53033999999994,10
-0.1550672799999996,157.98057999999997,10
-0.1550672799999996,157.98057999999997,10
-0.14884801999999966,167.77581999999998,10
-0.14884801999999966,167.77581999999998,10
-0.16247555999999952,157.23031999999998,10
-0.16247555999999952,157.23031999999998,10
-0.1525283199999995,167.02556,10
-0.1525283199999995,167.02556,10
-0.16243979999999955,164.00198000000006,10
-0.16243979999999955,164.00198000000006,10
-0.15869691999999944,159.49398000000005,10
-0.15869691999999944,159.49398000000005,10
-0.14998935999999935,160.99450000000002,10
-0.14998935999999935,160.99450000000002,10
-0.16981827999999935,164.76189999999994,10
-0.16981827999999935,164.76189999999994,10
-0.15987103999999933,161.7479799999999,10
-0.15987103999999933,161.7479799999999,10
-0.15737677999999936,164.0084199999999,10
-0.15737677999999936,164.0084199999999,10
-0.16603069999999934,155.7169199999999,10
-0.16603069999999934,155.7169199999999,10
-0.15485569999999935,164.0019799999999,10
-0.15485569999999935,164.0019799999999,10
-0.17095961999999934,160.99449999999985,10
-0.17095961999999934,160.99449999999985,10
-0.16225205999999925,153.46613999999983,10
-0.16225205999999925,153.46613999999983,10
-0.15479311999999934,160.24423999999988,10
-0.15479311999999934,160.24423999999988,10
-0.1659412999999993,157.9805799999998,10
-0.1659412999999993,157.9805799999998,10
-0.16220735999999936,160.9848399999998,10
-0.16220735999999936,160.9848399999998,10
-0.16218947999999925,162.49823999999973,10
-0.16218947999999925,162.49823999999973,10
-0.1658876599999992,154.22605999999973,10
-0.1658876599999992,154.22605999999973,10
-0.15841977999999907,154.22605999999973,10
-0.15841977999999907,154.22605999999973,10
-0.17701199999999917,157.98057999999966,10
-0.17701199999999917,157.98057999999966,10
-0.16954113999999926,158.7404999999997,10
-0.16954113999999926,158.7404999999997,10
-0.15960581999999923,159.48431999999968,10
-0.15960581999999923,159.48431999999968,10
-0.17819505999999924,154.96665999999962,10
-0.17819505999999924,154.96665999999962,10
-0.16948749999999918,151.2121399999997,10
-0.16948749999999918,151.2121399999997,10
-0.1769136599999992,155.71691999999962,10
-0.1769136599999992,155.71691999999962,10
-0.16944577999999907,147.4350799999997,10
-0.16944577999999907,147.4350799999997,10
-0.16199279999999902,156.48005999999972,10
-0.16199279999999902,156.48005999999972,10
-0.17933639999999895,153.45647999999977,10
-0.17933639999999895,153.45647999999977,10
-0.17187745999999904,149.69873999999973,10
-0.17187745999999904,149.69873999999973,10
-0.17682425999999915,158.7404999999997,10
-0.17682425999999915,158.7404999999997,10
-0.1767974399999991,142.18003999999976,10
-0.1767974399999991,142.18003999999976,10
-0.16561349999999916,152.7158799999997,10
-0.16561349999999916,152.7158799999997,10
-0.17676167999999914,150.4618799999997,10
-0.17676167999999914,150.4618799999997,10
-0.173018799999999,145.94421999999963,10
-0.173018799999999,145.94421999999963,10
-0.1668054999999989,154.9763199999997,10
-0.1668054999999989,154.9763199999997,10
-0.1779387799999988,145.18429999999972,10
-0.1779387799999988,145.18429999999972,10
-0.1680004799999987,147.4479599999998,10
-0.1680004799999987,147.4479599999998,10
-0.1803793999999987,143.68055999999984,10
-0.1803793999999987,143.68055999999984,10
-0.17664545999999876,148.93881999999985,10
-0.17664545999999876,148.93881999999985,10
-0.16918651999999884,149.69873999999987,10
-0.16918651999999884,149.69873999999987,10
-0.18032575999999886,146.68481999999983,10
-0.18032575999999886,146.68481999999983,10
-0.17410649999999891,148.1982199999998,10
-0.17410649999999891,148.1982199999998,10
-0.18276935999999883,147.4479599999998,10
-0.18276935999999883,147.4479599999998,10
-0.17530743999999882,141.4168999999998,10
-0.17530743999999882,141.4168999999998,10
-0.1715645599999987,151.9623999999998,10
-0.1715645599999987,151.9623999999998,10
-0.1864317799999988,140.65697999999975,10
-0.1864317799999988,140.65697999999975,10
-0.17773315999999892,145.9442199999998,10
-0.17773315999999892,145.9442199999998,10
-0.17275059999999884,147.4479599999998,10
-0.17275059999999884,147.4479599999998,10
-0.1789281399999987,135.3987199999998,10
-0.1789281399999987,135.3987199999998,10
-0.1764308999999987,147.4479599999998,10
-0.1764308999999987,147.4479599999998,10
-0.18881875999999873,136.14897999999977,10
-0.18881875999999873,136.14897999999977,10
-0.18259949999999864,141.4168999999998,10
-0.18259949999999864,141.4168999999998,10
-0.17265225999999861,142.93029999999976,10
-0.17265225999999861,142.93029999999976,10
-0.18627979999999847,140.6666399999997,10
-0.18627979999999847,140.6666399999997,10
-0.17633255999999844,142.92063999999968,10
-0.17633255999999844,142.92063999999968,10
-0.18996009999999844,139.91637999999972,10
-0.18996009999999844,139.91637999999972,10
-0.18001285999999855,126.36661999999973,10
-0.18001285999999855,126.36661999999973,10
-0.17503327999999854,139.16611999999972,10
-0.17503327999999854,139.16611999999972,10
-0.18742113999999846,136.14897999999977,10
-0.18742113999999846,136.14897999999977,10
-0.17872251999999858,139.16611999999972,10
-0.17872251999999858,139.16611999999972,10
-0.1886220799999985,143.68055999999973,10
-0.1886220799999985,143.68055999999973,10
-0.18487919999999852,141.41689999999966,10
-0.18487919999999852,141.41689999999966,10
-0.17493493999999857,142.92063999999968,10
-0.17493493999999857,142.92063999999968,10
-0.1922844999999985,139.9260399999996,10
-0.1922844999999985,139.9260399999996,10
-0.18110055999999844,134.64845999999966,10
-0.18110055999999844,134.64845999999966,10
-0.17735767999999832,136.1489799999996,10
-0.17735767999999832,136.1489799999996,10
-0.1847897999999982,142.92063999999968,10
-0.1847897999999982,142.92063999999968,10
-0.17857053999999822,144.4308199999997,10
-0.17857053999999822,144.4308199999997,10
-0.1897008399999982,130.8746199999997,10
-0.1897008399999982,130.8746199999997,10
-0.18597583999999834,136.90245999999968,10
-0.18597583999999834,136.90245999999968,10
-0.1747829599999982,137.65271999999965,10
-0.1747829599999982,137.65271999999965,10
-0.1933632599999982,133.88853999999964,10
-0.1933632599999982,133.88853999999964,10
-0.1871529399999983,136.1489799999996,10
-0.1871529399999983,136.1489799999996,10
-0.19457611999999824,139.9260399999996,10
-0.19457611999999824,139.9260399999996,10
-0.18711717999999833,137.66237999999956,10
-0.18711717999999833,137.66237999999956,10
-0.18089791999999835,139.16611999999958,10
-0.18089791999999835,139.16611999999958,10
-0.19576215999999838,136.1489799999996,10
-0.19576215999999838,136.1489799999996,10
-0.1833385399999985,130.88105999999956,10
-0.1833385399999985,130.88105999999956,10
-0.18083235999999855,132.3847999999996,10
-0.18083235999999855,132.3847999999996,10
-0.18950713999999858,130.88105999999956,10
-0.18950713999999858,130.88105999999956,10
-0.18079957999999866,132.3847999999996,10
-0.18079957999999866,132.3847999999996,10
-0.19690349999999862,129.3805399999996,10
-0.19690349999999862,129.3805399999996,10
-0.1906812599999986,134.64845999999966,10
-0.1906812599999986,134.64845999999966,10
-0.18818699999999863,136.1489799999996,10
-0.18818699999999863,136.1489799999996,10
-0.1918851799999986,133.8981999999997,10
-0.1918851799999986,133.8981999999997,10
-0.18566591999999862,136.1489799999996,10
-0.18566591999999862,136.1489799999996,10
-0.19681409999999858,124.11261999999958,10
-0.19681409999999858,124.11261999999958,10
-0.19183153999999863,130.1243599999996,10
-0.19183153999999863,130.1243599999996,10
-0.18188727999999854,131.63453999999962,10
-0.18188727999999854,131.63453999999962,10
-0.19923683999999847,128.62061999999958,10
-0.19923683999999847,128.62061999999958,10
-0.1855735399999985,131.63453999999962,10
-0.1855735399999985,131.63453999999962,10
-0.19919213999999844,134.64845999999966,10
-0.19919213999999844,134.64845999999966,10
-0.1942095799999985,132.3847999999996,10
-0.1942095799999985,132.3847999999996,10
-0.1855198999999984,133.88853999999964,10
-0.1855198999999984,133.88853999999964,10
-0.20286349999999836,130.1307999999996,10
-0.20286349999999836,130.1307999999996,10
-0.18795455999999844,125.60669999999953,10
-0.18795455999999844,125.60669999999953,10
-0.1978660399999985,129.38053999999948,10
-0.1978660399999985,129.38053999999948,10
-0.1928745399999985,115.07085999999946,10
-0.1928745399999985,115.07085999999946,10
-0.19036835999999854,127.87035999999945,10
-0.19036835999999854,127.87035999999945,10
-0.19283877999999854,124.86287999999941,10
-0.19283877999999854,124.86287999999941,10
-0.18785621999999846,116.58103999999948,10
-0.18785621999999846,116.58103999999948,10
-0.1952793999999984,122.60243999999942,10
-0.1952793999999984,122.60243999999942,10
-0.20022619999999838,130.13079999999945,10
-0.20022619999999838,130.13079999999945,10
-0.19028193999999843,121.09869999999938,10
-0.19028193999999843,121.09869999999938,10
-0.2063858599999984,118.07511999999943,10
-0.2063858599999984,118.07511999999943,10
-0.19892691999999834,124.10295999999937,10
-0.19892691999999834,124.10295999999937,10
-0.19395329999999833,125.60669999999939,10
-0.19395329999999833,125.60669999999939,10
-0.20261615999999838,122.58955999999942,10
-0.20261615999999838,122.58955999999942,10
-0.19390859999999843,124.85643999999941,10
-0.19390859999999843,124.85643999999941,10
-0.19513039999999843,121.83929999999945,10
-0.19513039999999843,121.83929999999945,10
-0.2000652799999984,115.82111999999942,10
-0.2000652799999984,115.82111999999942,10
-0.19385495999999836,128.61095999999935,10
-0.19385495999999836,128.61095999999935,10
-0.2062249399999984,115.06119999999939,10
-0.2062249399999984,115.06119999999939,10
-0.19629557999999836,118.82537999999941,10
-0.19629557999999836,118.82537999999941,10
-0.20867449999999835,115.07085999999946,10
-0.20867449999999835,115.07085999999946,10
-0.20368299999999837,121.08903999999947,10
-0.20368299999999837,121.08903999999947,10
-0.19499629999999835,122.60243999999942,10
-0.19499629999999835,122.60243999999942,10
-0.2061444799999983,120.33877999999935,10
-0.2061444799999983,120.33877999999935,10
-0.19991627999999825,123.35269999999939,10
-0.19991627999999825,123.35269999999939,10
-0.2036233999999983,110.54353999999933,10
-0.2036233999999983,110.54353999999933,10
-0.2060818999999983,115.06119999999939,10
-0.2060818999999983,115.06119999999939,10
-0.1986229599999982,118.07511999999943,10
-0.1986229599999982,118.07511999999943,10
-0.2134782599999982,114.31093999999942,10
-0.2134782599999982,114.31093999999942,10
-0.20230325999999818,118.07511999999943,10
-0.20230325999999818,118.07511999999943,10
-0.2159307999999982,114.32059999999947,10
-0.2159307999999982,114.32059999999947,10
-0.20597461999999825,100.76117999999944,10
-0.20597461999999825,100.76117999999944,10
-0.20224067999999817,112.81685999999945,10
-0.20224067999999817,112.81685999999945,10
-0.21338885999999813,108.28953999999948,10
-0.21338885999999813,108.28953999999948,10
-0.20592097999999814,110.55319999999953,10
-0.20592097999999814,110.55319999999953,10
-0.2170602199999982,106.7793599999996,10
-0.2170602199999982,106.7793599999996,10
-0.21208957999999822,111.30667999999959,10
-0.21208957999999822,111.30667999999959,10
-0.2033909599999982,112.8168599999996,10
-0.2033909599999982,112.8168599999996,10
-0.21453019999999826,109.05267999999958,10
-0.21453019999999826,109.05267999999958,10
-0.20831093999999828,112.06659999999962,10
-0.20831093999999828,112.06659999999962,10
-0.21945911999999823,100.02057999999967,10
-0.21945911999999823,100.02057999999967,10
-0.21571623999999825,105.28527999999964,10
-0.21571623999999825,105.28527999999964,10
-0.20576899999999823,106.78901999999967,10
-0.20576899999999823,106.78901999999967,10
-0.2156804799999983,103.02161999999973,10
-0.2156804799999983,103.02161999999973,10
-0.21441397999999828,105.28527999999979,10
-0.21441397999999828,105.28527999999979,10
-0.2255651399999983,109.05267999999973,10
-0.2255651399999983,109.05267999999973,10
-0.21935183999999833,104.52535999999975,10
-0.21935183999999833,104.52535999999975,10
-0.21189289999999827,108.30241999999976,10
-0.21189289999999827,108.30241999999976,10
-0.21683075999999832,96.99699999999972,10
-0.21683075999999832,96.99699999999972,10
-0.21183925999999834,99.2574399999997,10
-0.21183925999999834,99.2574399999997,10
-0.22299637999999833,96.24351999999966,10
-0.22299637999999833,96.24351999999966,10
-0.22049317999999832,101.52109999999962,10
-0.22049317999999832,101.52109999999962,10
-0.21178561999999837,102.26169999999968,10
-0.21178561999999837,102.26169999999968,10
-0.22418241999999836,98.50717999999974,10
-0.22418241999999836,98.50717999999974,10
-0.2142351799999983,101.52109999999978,10
-0.2142351799999983,101.52109999999978,10
-0.22662303999999836,97.0034399999997,10
-0.22662303999999836,97.0034399999997,10
-0.2191640999999983,92.47933999999965,10
-0.2191640999999983,92.47933999999965,10
-0.21791845999999834,104.53501999999966,10
-0.21791845999999834,104.53501999999966,10
-0.22780907999999836,101.52109999999962,10
-0.22780907999999836,101.52109999999962,10
-0.21911045999999834,103.02161999999957,10
-0.21911045999999834,103.02161999999957,10
-0.21536757999999837,100.76117999999958,10
-0.21536757999999837,100.76117999999958,10
-0.22527905999999842,95.5029199999996,10
-0.22527905999999842,95.5029199999996,10
-0.2153318199999984,96.99699999999956,10
-0.2153318199999984,96.99699999999956,10
-0.2326843599999984,93.98951999999952,10
-0.2326843599999984,93.98951999999952,10
-0.21902999999999836,95.50291999999946,10
-0.21902999999999836,95.50291999999946,10
-0.2338882799999984,92.48899999999942,10
-0.2338882799999984,92.48899999999942,10
-0.22519859999999844,87.97133999999936,10
-0.22519859999999844,87.97133999999936,10
-0.21773071999999846,89.46541999999931,10
-0.21773071999999846,89.46541999999931,10
-0.2263935799999985,87.22107999999938,10
-0.2263935799999985,87.22107999999938,10
-0.22265963999999844,98.49751999999937,10
-0.22265963999999844,98.49751999999937,10
-0.2350474999999985,87.22107999999938,10
-0.2350474999999985,87.22107999999938,10
-0.23131057999999852,92.48899999999942,10
-0.23131057999999852,92.48899999999942,10
-0.22384269999999853,93.23925999999939,10
-0.22384269999999853,93.23925999999939,10
-0.22878949999999848,81.94349999999943,10
-0.22878949999999848,81.94349999999943,10
-0.22505555999999843,93.23925999999939,10
-0.22505555999999843,93.23925999999939,10
-0.24115947999999843,88.71193999999942,10
-0.24115947999999843,88.71193999999942,10
-0.2287358599999984,84.19749999999942,10
-0.2287358599999984,84.19749999999942,10
-0.2386562799999984,95.50291999999946,10
-0.2386562799999984,95.50291999999946,10
-0.2336647799999984,83.45689999999951,10
-0.2336647799999984,83.45689999999951,10
-0.22744551999999843,85.71089999999951,10
-0.22744551999999843,85.71089999999951,10
-0.24232763999999846,82.69375999999954,10
-0.24232763999999846,82.69375999999954,10
-0.2323923199999984,87.9713399999995,10
-0.2323923199999984,87.9713399999995,10
-0.23360219999999837,82.69375999999954,10
-0.23360219999999837,82.69375999999954,10
-0.2348329399999984,78.18897999999962,10
-0.2348329399999984,78.18897999999962,10
-0.2298593199999984,89.47507999999966,10
-0.2298593199999984,89.47507999999966,10
-0.2459632399999984,84.94775999999969,10
-0.2459632399999984,84.94775999999969,10
-0.22857791999999835,78.92957999999967,10
-0.22857791999999835,78.92957999999967,10
-0.2422203599999984,85.71089999999965,10
-0.2422203599999984,85.71089999999965,10
-0.23971715999999837,80.44297999999961,10
-0.23971715999999837,80.44297999999961,10
-0.22977885999999842,82.69375999999954,10
-0.22977885999999842,82.69375999999954,10
-0.24217565999999838,88.72159999999948,10
-0.24217565999999838,88.72159999999948,10
-0.23099171999999832,72.9113999999995,10
-0.23099171999999832,72.9113999999995,10
-0.24958095999999835,80.44297999999947,10
-0.24958095999999835,80.44297999999947,10
-0.2408853199999984,75.17505999999943,10
-0.2408853199999984,75.17505999999943,10
-0.23095595999999835,77.42583999999934,10
-0.23095595999999835,77.42583999999934,10
-0.2408674399999984,74.4119199999993,10
-0.2408674399999984,74.4119199999993,10
-0.23588487999999846,84.95741999999932,10
-0.23588487999999846,84.95741999999932,10
-0.24580231999999855,72.91139999999936,10
-0.24580231999999855,72.91139999999936,10
-0.24206837999999847,77.41939999999937,10
-0.24206837999999847,77.41939999999937,10
-0.24825485999999855,78.9392399999993,10
-0.24825485999999855,78.9392399999993,10
-0.2494736799999986,82.69375999999924,10
-0.2494736799999986,82.69375999999924,10
-0.23583123999999853,78.17931999999925,10
-0.23583123999999853,78.17931999999925,10
-0.24697941999999848,74.42157999999924,10
-0.24697941999999848,74.42157999999924,10
-0.23703217999999845,69.90713999999923,10
-0.23703217999999845,69.90713999999923,10
-0.2544025999999984,80.43009999999919,10
-0.2544025999999984,80.43009999999919,10
-0.2481922799999984,78.17931999999925,10
-0.2481922799999984,78.17931999999925,10
-0.23575971999999845,71.4076599999992,10
-0.23575971999999845,71.4076599999992,10
-0.24939321999999844,69.13755999999913,10
-0.24939321999999844,69.13755999999913,10
-0.2407154599999985,70.65739999999906,10
-0.2407154599999985,70.65739999999906,10
-0.2555886399999984,69.14399999999912,10
-0.2555886399999984,69.14399999999912,10
-0.2506150199999984,71.4076599999992,10
-0.2506150199999984,71.4076599999992,10
-0.24069757999999836,75.91565999999918,10
-0.24069757999999836,75.91565999999918,10
-0.2531033199999984,72.16113999999925,10
-0.2531033199999984,72.16113999999925,10
-0.24689895999999836,76.67557999999923,10
-0.24689895999999836,76.67557999999923,10
-0.2568193799999983,71.39799999999926,10
-0.2568193799999983,71.39799999999926,10
-0.2468900199999983,60.86537999999925,10
-0.2468900199999983,60.86537999999925,10
-0.24193427999999825,69.89747999999932,10
-0.24193427999999825,69.89747999999932,10
-0.2543429999999982,66.89321999999933,10
-0.2543429999999982,66.89321999999933,10
-0.24689895999999822,69.89747999999932,10
-0.24689895999999822,69.89747999999932,10
-0.2605443799999982,66.88355999999928,10
-0.2605443799999982,66.88355999999928,10
-0.25061501999999813,71.40765999999934,10
-0.25061501999999813,71.40765999999934,10
-0.2543429999999982,63.86963999999938,10
-0.2543429999999982,63.86963999999938,10
-0.25557969999999824,68.39373999999944,10
-0.25557969999999824,68.39373999999944,10
-0.24689895999999822,72.16113999999939,10
-0.24689895999999822,72.16113999999939,10
-0.26426043999999826,66.89321999999933,10
-0.26426043999999826,66.89321999999933,10
-0.24937831999999827,65.3798199999994,10
-0.24937831999999827,65.3798199999994,10
-0.2630207599999983,66.88355999999942,10
-0.2630207599999983,66.88355999999942,10
-0.25309437999999834,65.3798199999994,10
-0.25309437999999834,65.3798199999994,10
-0.2444136399999983,57.85145999999938,10
-0.2444136399999983,57.85145999999938,10
-0.2568193799999983,63.12581999999941,10
-0.2568193799999983,63.12581999999941,10
-0.2518546999999984,67.63381999999939,10
-0.2518546999999984,67.63381999999939,10
-0.26426043999999843,57.09797999999947,10
-0.26426043999999843,57.09797999999947,10
-0.2543310799999984,59.35197999999946,10
-0.2543310799999984,59.35197999999946,10
-0.2667368199999984,65.3798199999994,10
-0.2667368199999984,65.3798199999994,10
-0.25804713999999845,52.573879999999406,10
-0.25804713999999845,52.573879999999406,10
-0.2506150199999984,62.36589999999936,10
-0.2506150199999984,62.36589999999936,10
-0.2655001199999984,58.6113799999994,10
-0.2655001199999984,58.6113799999994,10
-0.25557075999999834,61.62529999999944,10
-0.25557075999999834,61.62529999999944,10
-0.2692161799999983,58.60171999999949,10
-0.2692161799999983,58.60171999999949,10
-0.2568104399999983,54.834319999999536,10
-0.2568104399999983,54.834319999999536,10
-0.2592957599999983,56.3477199999995,10
-0.2592957599999983,56.3477199999995,10
-0.2630118199999983,53.33379999999946,10
-0.2630118199999983,53.33379999999946,10
-0.25557075999999834,54.834319999999394,10
-0.25557075999999834,54.834319999999394,10
-0.27418085999999825,61.61563999999939,10
-0.27418085999999825,61.61563999999939,10
-0.2580471399999983,54.09371999999934,10
-0.2580471399999983,54.09371999999934,10
-0.2717014999999984,58.6113799999994,10
-0.2717014999999984,58.6113799999994,10
-0.2655001199999984,56.34771999999933,10
-0.2655001199999984,56.34771999999933,10
-0.2543310799999984,57.85145999999938,10
-0.2543310799999984,57.85145999999938,10
-0.2704558599999984,54.843979999999306,10
-0.2704558599999984,54.843979999999306,10
-0.26177511999999836,57.097979999999325,10
-0.26177511999999836,57.097979999999325,10
-0.2741808599999984,54.83431999999925,10
-0.2741808599999984,54.83431999999925,10
-0.2655001199999984,50.32953999999933,10
-0.2655001199999984,50.32953999999933,10
-0.27541755999999845,52.589979999999315,10
-0.27541755999999845,52.589979999999315,10
-0.2667368199999984,51.070139999999384,10
-0.2667368199999984,51.070139999999384,10
-0.25804713999999845,51.070139999999384,10
-0.25804713999999845,51.070139999999384,10
-0.27665723999999836,49.576059999999416,10
-0.27665723999999836,49.576059999999416,10
-0.26425149999999836,50.32953999999947,10
-0.26425149999999836,50.32953999999947,10
-0.2754175599999983,48.816139999999535,10
-0.2754175599999983,48.816139999999535,10
-0.2729411799999983,53.3337999999996,10
-0.2729411799999983,53.3337999999996,10
-0.27045585999999827,54.834319999999536,10
-0.27045585999999827,54.834319999999536,10
-0.27418085999999825,51.83005999999958,10
-0.27418085999999825,51.83005999999958,10
-0.2630118199999983,45.06161999999958,10
-0.2630118199999983,45.06161999999958,10
-0.2778969199999982,44.30169999999953,10
-0.2778969199999982,44.30169999999953,10
-0.26796755999999816,45.0519599999995,10
-0.26796755999999816,45.0519599999995,10
-0.2803732999999982,48.82579999999945,10
-0.2803732999999982,48.82579999999945,10
-0.27665723999999825,45.811879999999405,10
-0.27665723999999825,45.811879999999405,10
-0.2630118199999983,48.065879999999396,10
-0.2630118199999983,48.065879999999396,10
-0.27665723999999825,45.06161999999944,10
-0.27665723999999825,45.06161999999944,10
-0.2717014999999982,45.802219999999494,10
-0.2717014999999982,45.802219999999494,10
-0.2853469199999982,44.30169999999953,10
-0.2853469199999982,44.30169999999953,10
-0.27665723999999825,40.534299999999604,10
-0.27665723999999825,40.534299999999604,10
-0.2754175599999983,42.04769999999954,10
-0.2754175599999983,42.04769999999954,10
-0.2754175599999983,39.77437999999955,10
-0.2754175599999983,39.77437999999955,10
-0.2729411799999983,47.31561999999957,10
-0.2729411799999983,47.31561999999957,10
-0.28038223999999823,39.78403999999961,10
-0.28038223999999823,39.78403999999961,10
-0.27418085999999825,40.534299999999604,10
-0.27418085999999825,40.534299999999604,10
-0.2865865999999983,39.024119999999584,10
-0.2865865999999983,39.024119999999584,10
-0.28038223999999823,34.516119999999574,10
-0.28038223999999823,34.516119999999574,10
-0.2729411799999983,44.31135999999961,10
-0.2729411799999983,44.31135999999961,10
-0.28162191999999836,33.765859999999606,10
-0.28162191999999836,33.765859999999606,10
-0.2754175599999983,35.25671999999963,10
-0.2754175599999983,35.25671999999963,10
-0.2828615999999983,33.765859999999606,10
-0.2828615999999983,33.765859999999606,10
-0.2778969199999983,34.50645999999966,10
-0.2778969199999983,34.50645999999966,10
-0.2890629799999983,34.51611999999972,10
-0.2890629799999983,34.51611999999972,10
-0.28657765999999824,34.51611999999972,10
-0.28657765999999824,34.51611999999972,10
-0.2927790399999982,38.28029999999973,10
-0.2927790399999982,38.28029999999973,10
-0.2890629799999983,29.238539999999773,10
-0.2890629799999983,29.238539999999773,10
-0.28782329999999834,29.248199999999827,10
-0.28782329999999834,29.248199999999827,10
-0.30022903999999834,29.238539999999773,10
-0.30022903999999834,29.238539999999773,10
-0.28782329999999834,28.497939999999716,10
-0.28782329999999834,28.497939999999716,10
-0.2865865999999983,26.234279999999643,10
-0.2865865999999983,26.234279999999643,10
-0.29899233999999836,27.738019999999665,10
-0.29899233999999836,27.738019999999665,10
-0.30519371999999834,27.738019999999665,10
-0.30519371999999834,27.738019999999665,10
-0.30643339999999825,21.70695999999967,10
-0.30643339999999825,21.70695999999967,10
-0.29153935999999825,22.470099999999633,10
-0.29153935999999825,22.470099999999633,10
-0.3126347799999983,20.216099999999614,10
-0.3126347799999983,20.216099999999614,10
-0.3002290399999982,18.705919999999594,10
-0.3002290399999982,18.705919999999594,10
-0.3138744599999982,18.693039999999627,10
-0.3138744599999982,18.693039999999627,10
-0.3076730799999982,17.95243999999957,10
-0.3076730799999982,17.95243999999957,10
-0.29650403999999825,17.19251999999952,10
-0.29650403999999825,17.19251999999952,10
-0.3101494599999982,17.202179999999572,10
-0.3101494599999982,17.202179999999572,10
-0.3014687199999982,17.19251999999952,10
-0.3014687199999982,17.19251999999952,10
-0.31883019999999823,17.95243999999957,10
-0.31883019999999823,17.95243999999957,10
-0.3076641399999983,17.19251999999952,10
-0.3076641399999983,17.19251999999952,10
-0.3113891399999983,16.439039999999466,10
-0.3113891399999983,16.439039999999466,10
-0.3163538199999983,16.45191999999946,10
-0.3163538199999983,16.45191999999946,10
-0.30519371999999834,16.45191999999946,10
-0.30519371999999834,16.45191999999946,10
-0.31635977999999826,16.45191999999946,10
-0.31635977999999826,16.45191999999946,10
-0.31139807999999825,15.688779999999497,10
-0.31139807999999825,15.688779999999497,10
-0.32380381999999824,15.688779999999497,10
-0.32380381999999824,15.688779999999497,10
-0.3101583999999983,15.69843999999955,10
-0.3101583999999983,15.69843999999955,10
-0.3175994599999982,15.69843999999955,10
-0.3175994599999982,15.69843999999955,10
-0.3175994599999982,15.688779999999497,10
-0.3175994599999982,15.688779999999497,10
-0.3138744599999982,15.688779999999497,10
-0.3138744599999982,15.688779999999497,10
-0.32255519999999827,14.938519999999528,10
-0.32255519999999827,14.938519999999528,10
-0.29774371999999816,6.65989999999951,10
-0.29774371999999816,6.65989999999951,10
-0.31511413999999816,11.921379999999544,10
-0.31511413999999816,11.921379999999544,10
-0.3113891399999982,13.437999999999562,10
-0.3113891399999982,13.437999999999562,10
-0.3163538199999981,5.906419999999599,10
-0.3163538199999981,5.906419999999599,10
-0.3126347799999981,8.166859999999588,10
-0.3126347799999981,8.166859999999588,10
-0.3188391399999982,11.921379999999544,10
-0.3188391399999982,11.921379999999544,10
-0.3014687199999982,2.8957199999995,10
-0.3014687199999982,2.8957199999995,10
-0.30890977999999814,15.688779999999497,10
-0.30890977999999814,15.688779999999497,10
-0.30394509999999814,6.65989999999951,10
-0.30394509999999814,6.65989999999951,10
-0.3002290399999982,12.684519999999509,10
-0.3002290399999982,12.684519999999509,10
-0.31883019999999823,11.921379999999544,10
-0.31883019999999823,11.921379999999544,10
-0.3076730799999982,11.17433999999949,10
-0.3076730799999982,11.17433999999949,10
-0.31635977999999826,10.42407999999952,10
-0.31635977999999826,10.42407999999952,10
-0.30890977999999825,5.906419999999457,10
-0.30890977999999825,5.906419999999457,10
-0.3138744599999982,12.684519999999509,10
-0.3138744599999982,12.684519999999509,10
-0.3138744599999982,11.931039999999456,10
-0.3138744599999982,11.931039999999456,10
-0.3002290399999982,5.899979999999459,10
-0.3002290399999982,5.899979999999459,10
-0.3126347799999983,5.906419999999457,10
-0.3126347799999983,5.906419999999457,10
-0.3039450999999983,7.410159999999479,10
-0.3039450999999983,7.410159999999479,10
-0.3213155199999983,15.688779999999497,10
-0.3213155199999983,15.688779999999497,10
-0.30643339999999825,6.653459999999512,10
-0.30643339999999825,6.653459999999512,10
-0.3076730799999982,14.18825999999953,10
-0.3076730799999982,14.18825999999953,10
-0.31759051999999827,12.684519999999509,10
-0.31759051999999827,12.684519999999509,10
-0.3014687199999983,5.899979999999459,10
-0.3014687199999983,5.899979999999459,10
-0.3225551999999984,8.917119999999414,10
-0.3225551999999984,8.917119999999414,10
-0.3064333999999984,5.903199999999373,10
-0.3064333999999984,5.903199999999373,10
-0.3138655199999984,8.917119999999414,10
-0.3138655199999984,8.917119999999414,10
-0.31138913999999845,3.6491999999993823,10
-0.31138913999999845,3.6491999999993823,10
-0.32006689999999843,7.410159999999337,10
-0.32006689999999843,7.410159999999337,10
-0.3163538199999984,4.399459999999351,10
-0.3163538199999984,4.399459999999351,10
-0.3076730799999984,8.917119999999414,10
-0.3076730799999984,8.917119999999414,10
-0.3151141399999983,3.639539999999471,10
-0.3151141399999983,3.639539999999471,10
-0.3101583999999983,5.159379999999402,10
-0.3101583999999983,5.159379999999402,10
-0.3188391399999983,8.157199999999392,10
-0.3188391399999983,8.157199999999392,10
-0.30890977999999825,5.146499999999406,10
-0.30890977999999825,5.146499999999406,10
-0.3076730799999982,7.410159999999479,10
-0.3076730799999982,7.410159999999479,10
-0.3175994599999982,4.402679999999435,10
-0.3175994599999982,4.402679999999435,10
-0.3076730799999982,11.17433999999949,10
-0.3076730799999982,11.17433999999949,10
-0.32380381999999824,8.917119999999414,10
-0.32380381999999824,8.917119999999414,10
-0.3113891399999983,5.899979999999459,10
-0.3113891399999983,5.899979999999459,10
-0.3250405199999983,8.9138999999995,10
-0.3250405199999983,8.9138999999995,10
-0.3113891399999983,5.156159999999488,10
-0.3113891399999983,5.156159999999488,10
-0.3113891399999983,12.674859999999455,10
-0.3113891399999983,12.674859999999455,10
-0.3163538199999983,5.903199999999373,10
-0.3163538199999983,5.903199999999373,10
-0.30643339999999825,5.156159999999346,10
-0.30643339999999825,5.156159999999346,10
-0.3213155199999983,10.424079999999378,10
-0.3213155199999983,10.424079999999378,10
-0.3076641399999983,5.159379999999402,10
-0.3076641399999983,5.159379999999402,10
-0.32379189999999825,8.910679999999445,10
-0.32379189999999825,8.910679999999445,10
-0.3101494599999982,7.413379999999393,10
-0.3101494599999982,7.413379999999393,10
-0.31883019999999823,3.639539999999471,10
-0.31883019999999823,3.639539999999471,10
-0.3113891399999983,3.639539999999471,10
-0.3113891399999983,3.639539999999471,10
-0.31139807999999836,7.413379999999393,10
-0.31139807999999836,7.413379999999393,10
-0.3275198799999983,11.174339999999347,10
-0.3275198799999983,11.174339999999347,10
-0.31139807999999836,6.659899999999368,10
-0.31139807999999836,6.659899999999368,10
-0.3188391399999983,6.65345999999937,10
-0.3188391399999983,6.65345999999937,10
-0.31635977999999826,3.6491999999993823,10
-0.31635977999999826,3.6491999999993823,10
-0.30270839999999827,6.65345999999937,10
-0.30270839999999827,6.65345999999937,10
-0.32007881999999827,5.903199999999373,10
-0.32007881999999827,5.903199999999373,10
-0.3076730799999982,5.159379999999402,10
-0.3076730799999982,5.159379999999402,10
-0.31511413999999816,4.399459999999351,10
-0.31511413999999816,4.399459999999351,10
-0.30890977999999814,4.399459999999351,10
-0.30890977999999814,4.399459999999351,10
-0.32131551999999813,4.399459999999351,10
-0.32131551999999813,4.399459999999351,10
-0.3113891399999982,3.6459799999993265,10
-0.3113891399999982,3.6459799999993265,10
-0.3225551999999981,6.65345999999937,10
-0.3225551999999981,6.65345999999937,10
-0.31511413999999816,5.159379999999402,10
-0.31511413999999816,5.159379999999402,10
-0.30643339999999814,5.903199999999373,10
-0.30643339999999814,5.903199999999373,10
-0.32131551999999813,5.906419999999457,10
-0.32131551999999813,5.906419999999457,10
-0.30642445999999823,5.903199999999373,10
-0.30642445999999823,5.903199999999373,10
-0.32379189999999825,4.399459999999351,10
-0.32379189999999825,4.399459999999351,10
-0.3163538199999983,4.402679999999435,10
-0.3163538199999983,4.402679999999435,10
-0.30642445999999823,2.8957199999995,10
-0.30642445999999823,2.8957199999995,10
-0.3188391399999982,2.8924999999994156,10
-0.3188391399999982,2.8924999999994156,10
-0.3076730799999982,5.1497199999994905,10
-0.3076730799999982,5.1497199999994905,10
-0.3175994599999982,4.38979999999944,10
-0.3175994599999982,4.38979999999944,10
-0.30890977999999825,4.402679999999435,10
-0.30890977999999825,4.402679999999435,10
-0.3213155199999983,4.405899999999491,10
-0.3213155199999983,4.405899999999491,10
-0.3126347799999983,3.6491999999995244,10
-0.3126347799999983,3.6491999999995244,10
-0.32007881999999827,5.146499999999548,10
-0.32007881999999827,5.146499999999548,10
-0.3138744599999982,5.149719999999633,10
-0.3138744599999982,5.149719999999633,10
-0.30643339999999825,6.659899999999652,10
-0.30643339999999825,6.659899999999652,10
-0.32628019999999824,10.424079999999663,10
-0.32628019999999824,10.424079999999663,10
-0.3138744599999982,5.906419999999599,10
-0.3138744599999982,5.906419999999599,10
-0.32875657999999824,3.6524199999996085,10
-0.32875657999999824,3.6524199999996085,10
-0.3362065799999982,2.142239999999589,10
-0.3362065799999982,2.142239999999589,10
-0.34365061999999824,2.142239999999589,10
-0.34365061999999824,2.142239999999589,10
-0.33496093999999826,0.6288399999996557,10
-0.33496093999999826,0.6288399999996557,10
-0.3076641399999983,1.3855399999996265,10
