w,sign,path
-0.2614860000000012,313.54823999999996,0
-0.26958900000000213,312.02959999999996,0
-0.26958900000000213,312.02959999999996,0
-0.2682750000000033,317.36288,0
-0.2682750000000033,317.36288,0
-0.2628000000000033,306.6930400000001,0
-0.2628000000000033,306.6930400000001,0
-0.25849300000000225,312.01647999999994,0
-0.25849300000000225,312.01647999999994,0
-0.25586500000000134,317.3530400000001,0
-0.25586500000000134,317.3530400000001,0
-0.23688500000000198,319.6392000000002,0
-0.23688500000000198,319.6392000000002,0
-0.22922000000000067,299.82472000000024,0
-0.22922000000000067,299.82472000000024,0
-0.21615300000000093,303.6426400000003,0
-0.21615300000000093,303.6426400000003,0
-0.18863200000000108,313.5482400000003,0
-0.18863200000000108,313.5482400000003,0
-0.16680500000000265,293.7337600000003,0
-0.16680500000000265,293.7337600000003,0
-0.1488470000000024,298.3060800000002,0
-0.1488470000000024,298.3060800000002,0
-0.127020000000004,296.7841600000001,0
-0.127020000000004,296.7841600000001,0
-0.14103600000000452,292.96952000000005,0
-0.14103600000000452,292.96952000000005,0
-0.14322600000000585,286.8785600000001,0
-0.14322600000000585,286.8785600000001,0
-0.12767700000000504,287.6329600000002,0
-0.12767700000000504,287.6329600000002,0
-0.12855300000000425,283.8248800000003,0
-0.12855300000000425,283.8248800000003,0
-0.12424600000000319,285.3468000000004,0
-0.12424600000000319,285.3468000000004,0
-0.12293200000000438,296.77432000000044,0
-0.12293200000000438,296.77432000000044,0
-0.11504800000000491,289.15160000000054,0
-0.11504800000000491,289.15160000000054,0
-0.11920900000000612,281.5288800000006,0
-0.11920900000000612,281.5288800000006,0
-0.11417200000000571,283.8150400000007,0
-0.11417200000000571,283.8150400000007,0
-0.11263900000000544,294.4881600000007,0
-0.11263900000000544,294.4881600000007,0
-0.10300300000000424,273.1419200000007,0
-0.10300300000000424,273.1419200000007,0
-0.11504800000000491,293.7239200000007,0
-0.11504800000000491,293.7239200000007,0
-0.10147000000000399,273.1419200000007,0
-0.10147000000000399,273.1419200000007,0
-0.09935300000000424,288.3972000000008,0
-0.09935300000000424,288.3972000000008,0
-0.09803900000000544,271.62328000000065,0
-0.09803900000000544,271.62328000000065,0
-0.11044900000000411,287.6329600000008,0
-0.11044900000000411,287.6329600000008,0
-0.10001000000000532,284.5727200000008,0
-0.10001000000000532,284.5727200000008,0
-0.0927830000000069,289.1516000000008,0
-0.0927830000000069,289.1516000000008,0
-0.10825900000000611,281.52888000000087,0
-0.10825900000000611,281.52888000000087,0
-0.10541200000000704,274.6638400000008,0
-0.10541200000000704,274.6638400000008,0
-0.07898600000000784,281.52888000000087,0
-0.07898600000000784,281.52888000000087,0
-0.10190800000000691,273.141920000001,0
-0.10190800000000691,273.141920000001,0
-0.1060690000000081,280.01024000000086,0
-0.1060690000000081,280.01024000000086,0
-0.09628700000000703,272.38752000000096,0
-0.09628700000000703,272.38752000000096,0
-0.0927830000000069,273.8996000000008,0
-0.0927830000000069,273.8996000000008,0
-0.09322100000000651,280.0004000000009,0
-0.09322100000000651,280.0004000000009,0
-0.09475400000000678,291.4476000000008,0
-0.09475400000000678,291.4476000000008,0
-0.08314700000000572,270.0915200000009,0
-0.08314700000000572,270.0915200000009,0
-0.08292800000000425,276.1956000000008,0
-0.08292800000000425,276.1956000000008,0
-0.10322200000000571,282.296400000001,0
-0.10322200000000571,282.296400000001,0
-0.08533700000000703,270.85904000000096,0
-0.08533700000000703,270.85904000000096,0
-0.08708900000000544,277.71424000000087,0
-0.08708900000000544,277.71424000000087,0
-0.08993600000000451,283.050800000001,0
-0.08993600000000451,283.050800000001,0
-0.09015500000000598,276.9598400000011,0
-0.09015500000000598,276.9598400000011,0
-0.07570100000000585,274.6638400000011,0
-0.07570100000000585,274.6638400000011,0
-0.07248900000000544,279.2558400000011,0
-0.07248900000000544,279.2558400000011,0
-0.09322100000000651,271.62328000000093,0
-0.09322100000000651,271.62328000000093,0
-0.09059300000000557,275.437920000001,0
-0.09059300000000557,275.437920000001,0
-0.07613900000000544,280.7744800000011,0
-0.07613900000000544,280.7744800000011,0
-0.07898600000000451,273.1550400000013,0
-0.07898600000000451,273.1550400000013,0
-0.08708900000000544,280.00040000000126,0
-0.08708900000000544,280.00040000000126,0
-0.07570100000000585,278.4784800000011,0
-0.07570100000000585,278.4784800000011,0
-0.07613900000000544,265.5224800000011,0
-0.07613900000000544,265.5224800000011,0
-0.07613900000000544,271.6232800000013,0
-0.07613900000000544,271.6232800000013,0
-0.08468000000000597,278.49160000000114,0
-0.08468000000000597,278.49160000000114,0
-0.08161400000000545,276.19560000000115,0
-0.08161400000000545,276.19560000000115,0
-0.08139500000000398,276.9598400000011,0
-0.08139500000000398,276.9598400000011,0
-0.08117600000000252,274.673680000001,0
-0.08117600000000252,274.673680000001,0
-0.07832900000000345,277.71424000000115,0
-0.07832900000000345,277.71424000000115,0
-0.07314600000000318,283.8248800000012,0
-0.07314600000000318,283.8248800000012,0
-0.0840230000000016,280.76464000000124,0
-0.0840230000000016,280.76464000000124,0
-0.08424200000000305,260.1859200000013,0
-0.08424200000000305,260.1859200000013,0
-0.06920400000000346,276.9696800000013,0
-0.06920400000000346,276.9696800000013,0
-0.06898500000000199,267.81848000000144,0
-0.06898500000000199,267.81848000000144,0
-0.07679600000000318,274.6736800000013,0
-0.07679600000000318,274.6736800000013,0
-0.08095700000000439,273.1550400000013,0
-0.08095700000000439,273.1550400000013,0
-0.07679600000000318,274.6736800000013,0
-0.07679600000000318,274.6736800000013,0
-0.06679500000000399,271.6232800000013,0
-0.06679500000000399,271.6232800000013,0
-0.0689850000000053,273.8996000000011,0
-0.0689850000000053,273.8996000000011,0
-0.06920400000000677,281.5288800000012,0
-0.06920400000000677,281.5288800000012,0
-0.06460500000000598,264.7680800000011,0
-0.06460500000000598,264.7680800000011,0
-0.07336500000000465,271.62328000000093,0
-0.07336500000000465,271.62328000000093,0
-0.07876700000000306,264.7549600000011,0
-0.07876700000000306,264.7549600000011,0
-0.07248900000000212,280.0004000000009,0
-0.07248900000000212,280.0004000000009,0
-0.05628300000000359,263.23632000000106,0
-0.05628300000000359,263.23632000000106,0
-0.06307200000000239,270.1046400000009,0
-0.06307200000000239,270.1046400000009,0
-0.061977000000001725,273.155040000001,0
-0.061977000000001725,273.155040000001,0
-0.057816000000000534,270.0915200000009,0
-0.057816000000000534,270.0915200000009,0
-0.0694230000000016,270.85904000000096,0
-0.0694230000000016,270.85904000000096,0
-0.07548200000000106,277.7240800000011,0
-0.07548200000000106,277.7240800000011,0
-0.06789000000000132,262.48192000000097,0
-0.06789000000000132,262.48192000000097,0
-0.056502000000001724,268.5728800000009,0
-0.056502000000001724,268.5728800000009,0
-0.06110100000000252,260.185920000001,0
-0.06110100000000252,260.185920000001,0
-0.06657600000000252,254.84936000000084,0
-0.06657600000000252,254.84936000000084,0
-0.05628300000000359,270.85904000000096,0
-0.05628300000000359,270.85904000000096,0
-0.05212200000000239,280.77448000000084,0
-0.05212200000000239,280.77448000000084,0
-0.07117500000000332,259.4216800000007,0
-0.07117500000000332,259.4216800000007,0
-0.05913000000000266,268.5728800000006,0
-0.05913000000000266,268.5728800000006,0
-0.055042000000003054,273.90944000000076,0
-0.055042000000003054,273.90944000000076,0
-0.06241500000000465,274.67368000000073,0
-0.06241500000000465,274.67368000000073,0
-0.06745200000000505,267.8184800000008,0
-0.06745200000000505,267.8184800000008,0
-0.046063000000006245,267.0411200000009,0
-0.046063000000006245,267.0411200000009,0
-0.05504200000000638,267.8184800000008,0
-0.05504200000000638,267.8184800000008,0
-0.05146500000000797,264.7549600000008,0
-0.05146500000000797,264.7549600000008,0
-0.05694000000000797,267.8184800000008,0
-0.05694000000000797,267.8184800000008,0
-0.046720000000007304,278.47848000000084,0
-0.046720000000007304,278.47848000000084,0
-0.055845000000007305,270.85904000000096,0
-0.055845000000007305,270.85904000000096,0
-0.05475000000000664,258.6640000000009,0
-0.05475000000000664,258.6640000000009,0
-0.054093000000005574,272.38752000000096,0
-0.054093000000005574,272.38752000000096,0
-0.04912900000000677,272.377680000001,0
-0.04912900000000677,272.377680000001,0
-0.051976000000005844,268.5728800000009,0
-0.051976000000005844,268.5728800000009,0
-0.06438600000000451,262.48192000000097,0
-0.06438600000000451,262.48192000000097,0
-0.053217000000003054,264.7680800000011,0
-0.053217000000003054,264.7680800000011,0
-0.05044300000000226,260.94032000000107,0
-0.05044300000000226,260.94032000000107,0
-0.056721000000003186,268.5728800000012,0
-0.056721000000003186,268.5728800000012,0
-0.058254000000003456,270.8590400000013,0
-0.058254000000003456,270.8590400000013,0
-0.05000500000000266,267.81848000000116,0
-0.05000500000000266,267.81848000000116,0
-0.06153900000000213,258.6640000000012,0
-0.06153900000000213,258.6640000000012,0
-0.06241500000000133,261.71440000000126,0
-0.06241500000000133,261.71440000000126,0
-0.05672099999999987,270.09152000000125,0
-0.05672099999999987,270.09152000000125,0
-0.04759599999999987,252.56320000000136,0
-0.04759599999999987,252.56320000000136,0
-0.058472999999998276,258.6541600000013,0
-0.058472999999998276,258.6541600000013,0
-0.05474999999999668,266.2867200000014,0
-0.05474999999999668,266.2867200000014,0
-0.056939999999998006,267.81848000000144,0
-0.056939999999998006,267.81848000000144,0
-0.056720999999996545,259.4315200000015,0
-0.056720999999996545,259.4315200000015,0
-0.05650199999999509,267.04112000000146,0
-0.05650199999999509,267.04112000000146,0
-0.056720999999996545,265.52248000000145,0
-0.056720999999996545,265.52248000000145,0
-0.04452999999999602,271.62328000000156,0
-0.04452999999999602,271.62328000000156,0
-0.05584499999999735,271.62328000000156,0
-0.05584499999999735,271.62328000000156,0
-0.056939999999998006,265.52248000000145,0
-0.056939999999998006,265.52248000000145,0
-0.04759599999999655,273.13536000000147,0
-0.04759599999999655,273.13536000000147,0
-0.04431099999999787,265.52248000000145,0
-0.04431099999999787,265.52248000000145,0
-0.05307099999999655,257.8997600000015,0
-0.05307099999999655,257.8997600000015,0
-0.04628199999999774,266.2867200000014,0
-0.04628199999999774,266.2867200000014,0
-0.04409199999999641,263.23632000000134,0
-0.04409199999999641,263.23632000000134,0
-0.04803399999999615,254.09496000000138,0
-0.04803399999999615,254.09496000000138,0
-0.05504199999999641,261.71440000000126,0
-0.05504199999999641,261.71440000000126,0
-0.04584399999999482,255.61360000000113,0
-0.04584399999999482,255.61360000000113,0
-0.033579999999996016,262.4720800000011,0
-0.033579999999996016,262.4720800000011,0
-0.041025999999995885,254.08512000000118,0
-0.041025999999995885,254.08512000000118,0
-0.04190199999999509,261.70456000000104,0
-0.04190199999999509,261.70456000000104,0
-0.03664599999999655,254.84936000000116,0
-0.03664599999999655,254.84936000000116,0
-0.029491999999996413,261.71440000000126,0
-0.029491999999996413,261.71440000000126,0
-0.03817899999999681,253.32744000000133,0
-0.03817899999999681,253.32744000000133,0
-0.04365399999999681,247.9908800000012,0
-0.04365399999999681,247.9908800000012,0
-0.041244999999997346,254.08512000000118,0
-0.041244999999997346,254.08512000000118,0
-0.04540599999999854,260.1859200000013,0
-0.04540599999999854,260.1859200000013,0
-0.04825299999999761,252.56320000000136,0
-0.04825299999999761,252.56320000000136,0
-0.03533199999999774,269.3371200000015,0
-0.03533199999999774,269.3371200000015,0
-0.02773999999999801,274.67368000000164,0
-0.02773999999999801,274.67368000000164,0
-0.04255899999999947,257.8997600000015,0
-0.04255899999999947,257.8997600000015,0
-0.04168300000000027,251.8088000000016,0
-0.04168300000000027,251.8088000000016,0
-0.03117099999999987,259.4315200000015,0
-0.03117099999999987,259.4315200000015,0
-0.03598899999999881,251.04456000000164,0
-0.03598899999999881,251.04456000000164,0
-0.03949299999999894,252.56320000000167,0
-0.03949299999999894,252.56320000000167,0
-0.036645999999999866,261.7045600000016,0
-0.036645999999999866,261.7045600000016,0
-0.026425999999999204,268.5728800000015,0
-0.026425999999999204,268.5728800000015,0
-0.023579000000000135,265.52248000000145,0
-0.023579000000000135,265.52248000000145,0
-0.03839800000000159,244.9339200000013,0
-0.03839800000000159,244.9339200000013,0
-0.021827000000001727,261.71440000000126,0
-0.021827000000001727,261.71440000000126,0
-0.024893000000002257,267.81848000000116,0
-0.024893000000002257,267.81848000000116,0
-0.03971200000000372,251.04456000000104,0
-0.03971200000000372,251.04456000000104,0
-0.04015000000000332,258.6640000000009,0
-0.04015000000000332,258.6640000000009,0
-0.02883500000000199,260.95016000000095,0
-0.02883500000000199,260.95016000000095,0
-0.030076000000002524,267.0509600000011,0
-0.030076000000002524,267.0509600000011,0
-0.03664600000000319,259.421680000001,0
-0.03664600000000319,259.421680000001,0
-0.024674000000004116,253.34056000000103,0
-0.024674000000004116,253.34056000000103,0
-0.028543000000005578,259.421680000001,0
-0.028543000000005578,259.421680000001,0
-0.033142000000006375,257.1453600000012,0
-0.033142000000006375,257.1453600000012,0
-0.04234000000000797,249.512800000001,0
-0.04234000000000797,249.512800000001,0
-0.021389000000008766,267.0411200000009,0
-0.021389000000008766,267.0411200000009,0
-0.019199000000007436,259.43152000000094,0
-0.019199000000007436,259.43152000000094,0
-0.027229000000006772,251.03472000000082,0
-0.027229000000006772,251.03472000000082,0
-0.0357700000000073,263.2363200000008,0
-0.0357700000000073,263.2363200000008,0
-0.026207000000007703,242.65760000000083,0
-0.026207000000007703,242.65760000000083,0
-0.027229000000006772,257.13552000000095,0
-0.027229000000006772,257.13552000000095,0
-0.039055000000005974,254.85920000000107,0
-0.039055000000005974,254.85920000000107,0
-0.02292200000000571,248.75840000000096,0
-0.02292200000000571,248.75840000000096,0
-0.02292200000000571,255.61360000000082,0
-0.02292200000000571,255.61360000000082,0
-0.026426000000005844,247.22664000000094,0
-0.026426000000005844,247.22664000000094,0
-0.027229000000006772,254.84936000000084,0
-0.027229000000006772,254.84936000000084,0
-0.01810400000000677,247.98432000000076,0
-0.01810400000000677,247.98432000000076,0
-0.016133000000006906,264.00056000000075,0
-0.016133000000006906,264.00056000000075,0
-0.019418000000005577,255.61360000000082,0
-0.019418000000005577,255.61360000000082,0
-0.02883500000000531,263.9907200000008,0
-0.02883500000000531,263.9907200000008,0
-0.012410000000005311,257.13552000000095,0
-0.012410000000005311,257.13552000000095,0
-0.013505000000005976,263.23632000000106,0
-0.013505000000005976,263.23632000000106,0
-0.013286000000004515,255.62344000000104,0
-0.013286000000004515,255.62344000000104,0
-0.02555000000000332,263.23632000000106,0
-0.02555000000000332,263.23632000000106,0
-0.01744700000000239,255.61360000000113,0
-0.01744700000000239,255.61360000000113,0
-0.012629000000003452,252.56320000000107,0
-0.012629000000003452,252.56320000000107,0
-0.02576900000000478,260.1760800000011,0
-0.02576900000000478,260.1760800000011,0
-0.015257000000004382,239.617040000001,0
-0.015257000000004382,239.617040000001,0
-0.021389000000005445,267.8184800000008,0
-0.021389000000005445,267.8184800000008,0
-0.020732000000004382,250.277040000001,0
-0.020732000000004382,250.277040000001,0
-0.018104000000003454,244.933920000001,0
-0.018104000000003454,244.933920000001,0
-0.0008760000000025241,251.808800000001,0
0.032995999999999866,235.7499200000001,1
0.020075,238.0459200000001,1
0.020075,238.0459200000001,1
0.03255800000000027,246.46240000000006,1
0.03255800000000027,246.46240000000006,1
0.032338999999998806,254.10480000000013,1
0.032338999999998806,254.10480000000013,1
0.034309999999998675,245.6981600000001,1
0.034309999999998675,245.6981600000001,1
0.021388999999998805,243.41199999999998,1
0.021388999999998805,243.41199999999998,1
0.03255800000000027,252.58288,1
0.03255800000000027,252.58288,1
0.04146399999999881,244.17623999999998,1
0.04146399999999881,244.17623999999998,1
0.03868999999999801,235.75976000000003,1
0.03868999999999801,235.75976000000003,1
0.03168199999999774,238.82,1
0.03168199999999774,238.82,1
0.04131799999999894,236.524,1
0.04131799999999894,236.524,1
0.03365299999999761,238.05576000000002,1
0.03365299999999761,238.05576000000002,1
0.03781399999999881,244.94047999999995,1
0.03781399999999881,244.94047999999995,1
0.03387199999999907,238.81016000000008,1
0.03387199999999907,238.81016000000008,1
0.0365,245.6981600000001,1
0.0365,245.6981600000001,1
0.034529000000000136,238.05576000000002,1
0.034529000000000136,238.05576000000002,1
0.03752199999999907,245.6981600000001,1
0.03752199999999907,245.6981600000001,1
0.03474799999999827,238.82,1
0.03474799999999827,238.82,1
0.04066099999999787,250.28688,1
0.04066099999999787,250.28688,1
0.03715699999999774,251.04456000000013,1
0.03715699999999774,251.04456000000013,1
0.02795899999999615,250.27704000000008,1
0.02795899999999615,250.27704000000008,1
0.04474899999999748,251.8088000000001,1
0.04474899999999748,251.8088000000001,1
0.03686499999999801,241.87040000000005,1
0.03686499999999801,241.87040000000005,1
0.030148999999997476,240.35176,1
0.030148999999997476,240.35176,1
0.04197499999999668,243.41199999999998,1
0.04197499999999668,243.41199999999998,1
0.05394699999999575,241.11599999999999,1
0.05394699999999575,241.11599999999999,1
0.04387299999999496,247.22664000000003,1
0.04387299999999496,247.22664000000003,1
0.042996999999995754,240.35176,1
0.042996999999995754,240.35176,1
0.05197599999999589,243.40216000000007,1
0.05197599999999589,243.40216000000007,1
0.04606299999999628,250.27704000000008,1
0.04606299999999628,250.27704000000008,1
0.046500999999995886,241.87040000000005,1
0.046500999999995886,241.87040000000005,1
0.041317999999995615,235.76959999999994,1
0.041317999999995615,235.76959999999994,1
0.050223999999994155,243.41199999999998,1
0.050223999999994155,243.41199999999998,1
0.04233999999999469,234.99552000000006,1
0.04233999999999469,234.99552000000006,1
0.04869099999999389,242.64776,1
0.04869099999999389,242.64776,1
0.04803399999999283,235.75976000000003,1
0.04803399999999283,235.75976000000003,1
0.0449679999999923,232.69952000000004,1
0.0449679999999923,232.69952000000004,1
0.0491289999999935,234.23128000000005,1
0.0491289999999935,234.23128000000005,1
0.03409099999999389,232.69952000000004,1
0.03409099999999389,232.69952000000004,1
0.051756999999994426,240.35176,1
0.051756999999994426,240.35176,1
0.042631999999994424,241.88352000000003,1
0.1150480000000016,220.51759999999993,2
0.11833300000000027,241.90976,2
0.11833300000000027,241.90976,2
0.11395300000000093,235.79912,2
0.11395300000000093,235.79912,2
0.11745700000000106,226.62823999999998,2
0.11745700000000106,226.62823999999998,2
0.1168,235.04471999999993,2
0.1168,235.04471999999993,2
0.10804000000000133,227.39247999999995,2
0.10804000000000133,227.39247999999995,2
0.12621699999999975,235.79912,2
0.12621699999999975,235.79912,2
0.1163620000000004,226.6380799999999,2
0.1163620000000004,226.6380799999999,2
0.11899000000000133,235.04471999999993,2
0.11899000000000133,235.04471999999993,2
0.11833300000000027,233.5129599999999,2
0.11833300000000027,233.5129599999999,2
0.13650999999999866,225.10959999999994,2
0.13650999999999866,225.10959999999994,2
0.1194279999999976,226.6380799999999,2
0.1194279999999976,226.6380799999999,2
0.12030399999999682,224.3420799999999,2
0.12030399999999682,224.3420799999999,2
0.12227499999999668,232.74871999999993,2
0.12227499999999668,232.74871999999993,2
0.1308159999999972,232.74871999999993,2
0.1308159999999972,232.74871999999993,2
0.11285799999999695,223.56799999999998,2
0.11285799999999695,223.56799999999998,2
0.12424599999999655,222.04607999999988,2
0.12424599999999655,222.04607999999988,2
0.12512199999999576,229.69831999999985,2
0.12512199999999576,229.69831999999985,2
0.13519599999999654,220.52743999999984,2
0.13519599999999654,220.52743999999984,2
0.11417199999999575,227.40231999999986,2
0.11417199999999575,227.40231999999986,2
0.12424599999999655,221.29167999999981,2
0.12424599999999655,221.29167999999981,2
0.12512199999999576,224.33223999999996,2
0.12512199999999576,224.33223999999996,2
0.1253409999999972,220.51759999999993,2
0.1253409999999972,220.51759999999993,2
0.1181139999999988,228.16,2
0.1181139999999988,228.16,2
0.13147299999999829,231.98447999999993,2
0.13147299999999829,231.98447999999993,2
0.13534199999999974,228.92423999999997,2
0.13534199999999974,228.92423999999997,2
0.13256799999999894,229.69831999999985,2
0.13256799999999894,229.69831999999985,2
0.12052299999999827,237.33088,2
0.12052299999999827,237.33088,2
0.1268739999999975,228.92423999999997,2
0.1268739999999975,228.92423999999997,2
0.129939999999998,221.2818399999999,2
0.129939999999998,221.2818399999999,2
0.11745699999999774,231.97464000000002,2
0.11745699999999774,231.97464000000002,2
0.1257789999999968,234.27064000000001,2
0.1257789999999968,234.27064000000001,2
0.1257789999999968,231.97464000000002,2
0.1257789999999968,231.97464000000002,2
0.1295019999999984,231.98447999999993,2
0.1295019999999984,231.98447999999993,2
0.11570499999999934,224.33223999999996,2
0.11570499999999934,224.33223999999996,2
0.12972099999999986,237.33088,2
0.12972099999999986,237.33088,2
0.12884500000000065,228.16,2
0.12884500000000065,228.16,2
0.13256800000000227,219.75007999999988,2
0.13256800000000227,219.75007999999988,2
0.12249400000000146,227.39247999999995,2
0.12249400000000146,227.39247999999995,2
0.1405980000000016,228.93407999999988,2
0.28667099999999984,208.31271999999993,3
0.29827800000000093,214.40695999999988,3
0.29827800000000093,214.40695999999988,3
0.3052129999999996,215.17119999999989,3
0.3052129999999996,215.17119999999989,3
0.2973290000000001,199.9159199999998,3
0.2973290000000001,199.9159199999998,3
0.28798499999999866,207.54847999999996,3
0.28798499999999866,207.54847999999996,3
0.28798499999999866,209.07040000000006,3
0.28798499999999866,209.07040000000006,3
0.29411699999999974,206.01999999999998,3
0.29411699999999974,206.01999999999998,3
0.28907999999999934,212.12080000000012,3
0.28907999999999934,212.12080000000012,3
0.28491899999999815,214.39711999999997,3
0.28491899999999815,214.39711999999997,3
0.2973289999999968,208.30288000000002,3
0.2973289999999968,208.30288000000002,3
0.2949929999999956,206.01999999999998,3
0.2949929999999956,206.01999999999998,3
0.2886419999999964,212.12080000000012,3
0.2886419999999964,212.12080000000012,3
0.3047749999999967,213.64928000000006,3
0.3047749999999967,213.64928000000006,3
0.2992999999999967,199.92576000000003,3
0.2992999999999967,199.92576000000003,3
0.28382399999999747,206.02983999999992,3
0.28382399999999747,206.02983999999992,3
0.30214699999999906,221.26215999999977,3
0.30214699999999906,221.26215999999977,3
0.3038989999999975,205.26231999999987,3
0.3038989999999975,205.26231999999987,3
0.27878699999999706,199.93559999999994,3
0.27878699999999706,199.93559999999994,3
0.292364999999998,213.64928000000006,3
0.292364999999998,213.64928000000006,3
0.29601499999999803,207.54847999999996,3
0.29601499999999803,207.54847999999996,3
0.29535799999999696,216.67999999999998,3
0.29535799999999696,216.67999999999998,3
0.2910509999999959,212.12080000000012,3
0.2910509999999959,212.12080000000012,3
0.3023659999999972,212.87520000000018,3
0.3023659999999972,212.87520000000018,3
0.2936789999999968,198.40712000000028,3
0.2936789999999968,198.40712000000028,3
0.2906129999999963,206.0200000000003,3
0.2906129999999963,206.0200000000003,3
0.3028039999999968,207.54848000000024,3
0.3028039999999968,207.54848000000024,3
0.2992999999999967,211.35656000000014,3
0.2992999999999967,211.35656000000014,3
0.2986429999999956,210.59888,3
0.2986429999999956,210.59888,3
0.3047749999999967,212.8850400000001,3
0.3047749999999967,212.8850400000001,3
0.2877659999999972,206.0298400000002,3
0.2877659999999972,206.0298400000002,3
0.2851379999999963,203.74368000000013,3
0.2851379999999963,203.74368000000013,3
0.2956499999999967,209.83464000000004,3
0.2956499999999967,209.83464000000004,3
0.2992999999999967,210.5890400000001,3
0.2992999999999967,210.5890400000001,3
0.2949929999999956,204.4980800000002,3
0.2949929999999956,204.4980800000002,3
0.2846999999999967,215.93544000000014,3
0.2846999999999967,215.93544000000014,3
0.3082789999999968,217.45736000000025,3
0.3082789999999968,217.45736000000025,3
0.3010519999999984,209.07040000000035,3
0.4869099999999987,191.55847999999995,4
0.4757409999999972,187.74383999999992,4
0.4757409999999972,187.74383999999992,4
0.48055899999999613,194.59903999999977,4
0.48055899999999613,194.59903999999977,4
0.4947209999999965,195.36655999999982,4
0.4947209999999965,195.36655999999982,4
0.4790259999999959,191.55847999999995,4
0.4790259999999959,191.55847999999995,4
0.4820919999999964,199.93559999999994,4
0.4820919999999964,199.93559999999994,4
0.4877129999999963,201.44767999999982,4
0.4877129999999963,201.44767999999982,4
0.4820919999999964,195.3567199999999,4
0.4820919999999964,195.3567199999999,4
0.4820919999999964,193.84464000000003,4
0.4820919999999964,193.84464000000003,4
0.48442799999999764,195.36656000000013,4
0.48442799999999764,195.36656000000013,4
0.48559599999999653,192.31288,4
0.48559599999999653,192.31288,4
0.47420799999999697,186.98944000000014,4
0.47420799999999697,186.98944000000014,4
0.4975679999999956,199.93560000000022,4
0.4975679999999956,199.93560000000022,4
0.48690999999999535,196.88520000000017,4
0.48690999999999535,196.88520000000017,4
0.48121599999999387,193.07056000000014,4
0.48121599999999387,193.07056000000014,4
0.49559699999999246,198.40712000000028,4
0.49559699999999246,198.40712000000028,4
0.49055999999999206,198.40712000000028,4
0.49055999999999206,198.40712000000028,4
0.4794639999999922,186.2219200000004,4
0.4794639999999922,186.2219200000004,4
0.484427999999991,199.17136000000025,4
0.484427999999991,199.17136000000025,4
0.4870559999999919,193.1000800000002,4
0.4870559999999919,193.1000800000002,4
0.47508399999999285,202.2217600000003,4
0.47508399999999285,202.2217600000003,4
0.49077899999999347,196.87536000000026,4
0.49077899999999347,196.87536000000026,4
0.49647299999999495,188.5179200000004,4
0.49647299999999495,188.5179200000004,4
0.48596099999999454,204.49808000000047,4
0.48596099999999454,204.49808000000047,4
0.4896839999999962,202.97616000000036,4
0.4896839999999962,202.97616000000036,4
0.4894649999999947,203.7436800000004,4
0.4894649999999947,203.7436800000004,4
0.48559599999999326,189.27560000000054,4
0.48559599999999326,189.27560000000054,4
0.4779309999999919,193.08040000000065,4
0.4779309999999919,193.08040000000065,4
0.4949399999999914,196.87536000000054,4
0.4949399999999914,196.87536000000054,4
0.4918739999999908,193.84464000000062,4
0.4918739999999908,193.84464000000062,4
0.47092299999999165,200.68344000000076,4
0.47092299999999165,200.68344000000076,4
0.48727499999999,202.2119200000007,4
0.48727499999999,202.2119200000007,4
0.4964729999999916,187.7536800000007,4
0.4964729999999916,187.7536800000007,4
0.4907789999999902,192.3128800000006,4
0.4907789999999902,192.3128800000006,4
0.4846469999999891,195.36656000000073,4
0.4846469999999891,195.36656000000073,4
0.4916549999999894,193.84464000000062,4
0.4916549999999894,193.84464000000062,4
0.4929689999999882,186.98944000000074,4
0.5414410000000005,189.1378399999999,5
0.4314299999999993,193.9627199999999,5
0.4863990000000008,193.96271999999993,5
0.4863990000000008,189.13783999999993,5
0.4314299999999993,189.1378399999999,5
0.5414410000000005,193.9627199999999,5
0.5283740000000008,185.2510399999998,5
0.42091800000000223,190.19727999999978,5
0.475960000000002,190.19727999999975,5
0.475960000000002,185.25103999999976,5
0.42091800000000223,185.2510399999998,5
0.5283740000000008,190.19727999999978,5
0.5335570000000011,192.1980799999999,5
0.4261740000000008,197.0229599999999,5
0.48121600000000053,197.0229599999999,5
0.48121600000000053,192.1980799999999,5
0.4261740000000008,192.1980799999999,5
0.5335570000000011,197.0229599999999,5
0.549325,192.90327999999977,5
0.44194199999999967,197.84623999999968,5
0.49428300000000025,197.84623999999968,5
0.49428300000000025,192.90327999999977,5
0.4419419999999997,192.90327999999977,5
0.549325,197.84623999999968,5
0.5309290000000001,189.1378399999996,5
0.4235459999999998,193.96271999999962,5
0.4785879999999996,193.96271999999962,5
0.4785879999999996,189.1378399999996,5
0.42354599999999987,189.1378399999996,5
0.5309290000000001,193.96271999999962,5
0.5361849999999987,197.49527999999975,5
0.4261739999999975,202.43823999999967,5
0.4812159999999972,202.43823999999967,5
0.4812159999999972,197.49527999999975,5
0.4261739999999975,197.49527999999975,5
0.5361849999999987,202.43823999999967,5
0.5414409999999972,199.02375999999973,5
0.4340579999999969,203.96999999999971,5
0.4863989999999975,203.9699999999997,5
0.4863989999999975,199.0237599999997,5
0.43405799999999695,199.02375999999973,5
0.5414409999999972,203.96999999999971,5
0.5361849999999987,192.90327999999977,5
0.4288019999999984,197.84623999999968,5
0.4812159999999972,197.84623999999968,5
0.4812159999999972,192.90327999999977,5
0.4288019999999984,192.90327999999977,5
0.5361849999999987,197.84623999999968,5
0.5361849999999987,191.37151999999975,5
0.4261739999999975,196.31775999999974,5
0.4812159999999972,196.3177599999997,5
0.4812159999999972,191.37151999999972,5
0.4261739999999975,191.37151999999975,5
0.5361849999999987,196.31775999999974,5
0.5388129999999997,192.90327999999977,5
0.42880199999999846,197.84623999999968,5
0.4837709999999999,197.84623999999968,5
0.4837709999999999,192.90327999999977,5
0.4288019999999984,192.90327999999977,5
0.5388129999999995,197.84623999999968,5
0.5388129999999997,189.8430399999998,5
0.43142999999999937,194.78599999999972,5
0.4863990000000008,194.7859999999997,5
0.4863990000000008,189.84303999999977,5
0.4314299999999993,189.8430399999998,5
0.5388129999999995,194.78599999999972,5
0.5283740000000008,184.5458399999996,5
0.4182900000000013,189.3707199999996,5
0.4733320000000011,189.3707199999996,5
0.4733320000000011,184.5458399999996,5
0.4182900000000013,184.5458399999996,5
0.5283740000000008,189.3707199999996,5
0.5519530000000009,197.49527999999975,5
0.44449700000000236,202.43823999999967,5
0.4969110000000012,202.43823999999967,5
0.4969110000000012,197.49527999999975,5
0.4444970000000024,197.49527999999975,5
0.5519530000000009,202.43823999999967,5
0.5414410000000005,194.4350399999998,5
0.4314299999999993,199.3779999999997,5
0.4863990000000008,199.3779999999997,5
0.4863990000000008,194.4350399999998,5
0.4314299999999993,194.4350399999998,5
0.5414410000000005,199.3779999999997,5
0.5335570000000011,190.54823999999968,5
0.4261740000000008,195.49447999999967,5
0.48121600000000053,195.49447999999964,5
0.48121600000000053,190.54823999999965,5
0.4261740000000008,190.54823999999968,5
0.5335570000000011,195.49447999999967,5
0.549325,195.96351999999973,5
0.44194199999999967,200.90647999999965,5
0.4969110000000012,200.90647999999965,5
0.4969110000000012,195.96351999999973,5
0.4419419999999997,195.96351999999973,5
0.549325,200.90647999999965,5
0.5440690000000015,195.96351999999973,5
0.4366860000000012,200.90647999999965,5
0.4916550000000027,200.90647999999965,5
0.4916550000000027,195.96351999999973,5
0.4366860000000012,195.96351999999973,5
0.5440690000000015,200.90647999999965,5
0.5335570000000011,183.72255999999953,5
0.42354599999999987,188.66551999999945,5
0.4785879999999996,188.66551999999945,5
0.4785879999999996,183.72255999999953,5
0.42354599999999987,183.72255999999953,5
0.5335570000000011,188.66551999999945,5
0.5388129999999997,196.78679999999952,5
0.42880199999999846,201.6149599999996,5
0.4837709999999999,201.6149599999996,5
0.4837709999999999,196.78679999999952,5
0.4288019999999984,196.78679999999952,5
0.5388129999999995,201.6149599999996,5
0.5414410000000005,190.66631999999956,5
0.4340580000000002,195.61255999999955,5
0.4863990000000008,195.61255999999955,5
0.4863990000000008,190.66631999999956,5
0.4340580000000003,190.66631999999956,5
0.5414410000000005,195.61255999999955,5
0.5283740000000008,199.84703999999948,5
0.42091800000000223,204.79327999999947,5
0.4733320000000011,204.79327999999947,5
0.4733320000000011,199.84703999999948,5
0.42091800000000223,199.84703999999948,5
0.5283740000000008,204.79327999999947,5
0.5440690000000015,194.4350399999995,5
0.4366860000000012,199.37799999999942,5
0.4916550000000027,199.3779999999994,5
0.4916550000000027,194.43503999999947,5
0.4366860000000012,194.4350399999995,5
0.5440690000000015,199.37799999999942,5
0.5519530000000009,186.07759999999934,5
0.4419419999999997,190.90247999999934,5
0.4969110000000012,190.90247999999934,5
0.4969110000000012,186.07759999999934,5
0.4419419999999997,186.07759999999934,5
0.5519530000000009,190.90247999999934,5
0.5388129999999997,202.0839999999994,5
0.43142999999999937,207.02695999999932,5
0.4863990000000008,207.0269599999993,5
0.4863990000000008,202.08399999999938,5
0.4314299999999993,202.0839999999994,5
0.5388129999999995,207.02695999999932,5
0.5440689999999981,200.55551999999943,5
0.43668599999999785,205.49847999999935,5
0.48902699999999844,205.49847999999935,5
0.48902699999999844,200.55551999999943,5
0.43668599999999785,200.55551999999943,5
0.5440689999999981,205.49847999999935,5
0.5440689999999981,201.37879999999922,5
0.43405799999999695,206.32175999999913,5
0.48902699999999844,206.32175999999913,5
0.48902699999999844,201.37879999999922,5
0.43405799999999695,201.37879999999922,5
0.5440689999999981,206.32175999999913,5
0.5388129999999997,186.7827999999992,5
0.43142999999999937,191.72575999999913,5
0.4863990000000008,191.72575999999913,5
0.4863990000000008,186.7827999999992,5
0.4314299999999993,186.7827999999992,5
0.5388129999999995,191.72575999999913,5
0.5309290000000001,190.66631999999927,5
0.4235459999999998,195.49447999999936,5
0.47595999999999866,195.49447999999936,5
0.47595999999999866,190.66631999999927,5
0.42354599999999987,190.66631999999927,5
0.5309290000000001,195.49447999999936,5
0.549325,194.4350399999995,5
0.44194199999999967,199.37799999999942,5
0.49428300000000025,199.3779999999994,5
0.49428300000000025,194.43503999999947,5
0.4419419999999997,194.4350399999995,5
0.549325,199.37799999999942,5
0.5466969999999991,191.37151999999944,5
0.4366859999999979,196.31775999999942,5
0.49165499999999934,196.31775999999942,5
0.49165499999999934,191.37151999999944,5
0.43668599999999785,191.37151999999944,5
0.5466969999999991,196.31775999999942,5
0.523117999999999,198.31855999999954,5
0.4157349999999987,203.14343999999954,5
0.4707040000000001,203.14343999999954,5
0.4707040000000001,198.31855999999954,5
0.4157349999999987,198.31855999999954,5
0.523117999999999,203.14343999999954,5
0.5414410000000005,199.84703999999948,5
0.4340580000000002,204.67519999999956,5
0.4863990000000008,204.67519999999956,5
0.4863990000000008,199.84703999999948,5
0.4340580000000003,199.84703999999948,5
0.5414410000000005,204.67519999999956,5
0.5519530000000009,185.25103999999948,5
0.4419419999999997,190.19727999999947,5
0.4969110000000012,190.19727999999947,5
0.4969110000000012,185.25103999999948,5
0.4419419999999997,185.25103999999948,5
0.5519530000000009,190.19727999999947,5
0.5440690000000015,189.8430399999995,5
0.4366860000000012,194.7859999999994,5
0.4916550000000027,194.7859999999994,5
0.4916550000000027,189.8430399999995,5
0.4366860000000012,189.8430399999995,5
0.5440690000000015,194.7859999999994,5
0.5388130000000029,192.90327999999946,5
0.4314300000000026,197.84623999999937,5
0.48377100000000317,197.84623999999937,5
0.48377100000000317,192.90327999999946,5
0.43143000000000264,192.90327999999946,5
0.5388130000000029,197.84623999999937,5
0.5466970000000024,191.37151999999944,5
0.43668600000000124,196.31775999999942,5
0.4916550000000027,196.31775999999942,5
0.4916550000000027,191.37151999999944,5
0.4366860000000012,191.37151999999944,5
0.5466970000000024,196.31775999999942,5
0.5466970000000024,184.4277599999994,5
0.43931400000000215,189.37071999999932,5
0.4942830000000036,189.37071999999932,5
0.4942830000000036,184.4277599999994,5
0.43931400000000215,184.4277599999994,5
0.5466970000000024,189.37071999999932,5
0.6756879999999996,183.18464000000003,6
0.6717459999999998,182.4269599999999,6
0.6717459999999998,182.4269599999999,6
0.6772209999999999,187.74383999999992,6
0.6772209999999999,187.74383999999992,6
0.6844479999999983,180.9050399999998,6
0.6844479999999983,180.9050399999998,6
0.6670009999999992,185.46751999999975,6
0.6670009999999992,185.46751999999975,6
0.6704319999999977,188.5080799999999,6
0.6704319999999977,188.5080799999999,6
0.6864189999999981,185.4576799999998,6
0.6864189999999981,185.4576799999998,6
0.6748849999999986,187.74383999999992,6
0.6748849999999986,187.74383999999992,6
0.6759069999999977,175.59143999999986,6
0.6759069999999977,175.59143999999986,6
0.6798489999999975,188.5080799999999,6
0.6798489999999975,188.5080799999999,6
0.6798489999999975,174.06951999999973,6
0.6798489999999975,174.06951999999973,6
0.6713079999999969,188.49823999999967,6
0.6713079999999969,188.49823999999967,6
0.6890469999999957,186.22191999999978,6
0.6890469999999957,186.22191999999978,6
0.6811629999999963,186.97959999999992,6
0.6811629999999963,186.97959999999992,6
0.6652489999999975,184.70328000000006,6
0.6652489999999975,184.70328000000006,6
0.6783159999999973,186.98944000000014,6
0.6783159999999973,186.98944000000014,6
0.6868569999999977,183.18464000000003,6
0.6868569999999977,183.18464000000003,6
0.6659059999999986,189.26247999999995,6
0.6659059999999986,189.26247999999995,6
0.6870759999999992,191.5289599999999,6
0.6870759999999992,191.5289599999999,6
0.6956169999999997,187.74383999999992,6
0.6956169999999997,187.74383999999992,6
0.6683150000000013,189.26247999999995,6
0.6683150000000013,189.26247999999995,6
0.6772209999999999,177.11007999999987,6
0.6772209999999999,177.11007999999987,6
0.6763450000000006,189.26247999999995,6
0.6763450000000006,189.26247999999995,6
0.6857620000000004,186.97959999999992,6
0.6857620000000004,186.97959999999992,6
0.670432000000001,190.77455999999984,6
0.670432000000001,190.77455999999984,6
0.6910180000000022,187.7339999999997,6
0.6910180000000022,187.7339999999997,6
0.6837910000000038,187.75367999999983,6
0.6837910000000038,187.75367999999983,6
0.6713080000000036,185.4576799999998,6
0.6713080000000036,185.4576799999998,6
0.6805060000000052,188.5080799999999,6
0.6805060000000052,188.5080799999999,6
0.6897040000000068,184.70327999999978,6
0.6897040000000068,184.70327999999978,6
0.6811630000000063,186.98943999999986,6
0.6811630000000063,186.98943999999986,6
0.6726220000000057,185.4576799999998,6
0.6726220000000057,185.4576799999998,6
0.6857620000000071,187.74383999999992,6
0.6857620000000071,187.74383999999992,6
0.6842290000000067,192.30631999999986,6
0.6842290000000067,192.30631999999986,6
0.6709430000000056,179.38639999999975,6
0.6709430000000056,179.38639999999975,6
0.6750310000000052,193.0607199999996,6
0.6750310000000052,193.0607199999996,6
0.6916750000000066,186.2219199999995,6
0.6916750000000066,186.2219199999995,6
0.6881710000000064,191.53879999999953,6
1.1972730000000016,175.5619200000001,7
1.1835490000000009,175.5619200000001,7
1.1835490000000009,175.5619200000001,7
1.2031860000000012,169.43816000000007,7
1.2031860000000012,169.43816000000007,7
1.2027480000000017,170.97976,7
1.2027480000000017,170.97976,7
1.1854470000000024,169.44799999999998,7
1.1854470000000024,169.44799999999998,7
1.2060330000000037,164.86911999999998,7
1.2060330000000037,164.86911999999998,7
1.202310000000002,175.56847999999994,7
1.202310000000002,175.56847999999994,7
1.1928930000000022,174.04,7
1.1928930000000022,174.04,7
1.2080040000000034,170.21552000000003,7
1.2080040000000034,170.21552000000003,7
1.2197570000000044,170.97976,7
1.2197570000000044,170.97976,7
1.2177860000000045,178.61888,7
1.2177860000000045,178.61888,7
1.2042810000000053,174.03016000000008,7
1.2042810000000053,174.03016000000008,7
1.2171290000000068,168.6739200000001,7
1.2171290000000068,168.6739200000001,7
1.2119460000000064,161.79904000000008,7
1.2119460000000064,161.79904000000008,7
1.2051570000000078,174.79440000000005,7
1.2051570000000078,174.79440000000005,7
1.2177860000000078,172.49840000000006,7
1.2177860000000078,172.49840000000006,7
1.229612000000007,166.38776000000001,7
1.229612000000007,166.38776000000001,7
1.223480000000006,167.91952000000003,7
1.223480000000006,167.91952000000003,7
1.2177860000000045,166.38776000000001,7
1.2177860000000045,166.38776000000001,7
1.2291740000000042,170.20568000000011,7
1.2291740000000042,170.20568000000011,7
1.2326780000000042,170.21552000000003,7
1.2326780000000042,170.21552000000003,7
1.2210710000000031,168.68376,7
1.2210710000000031,168.68376,7
1.2276410000000038,170.9699200000001,7
1.2276410000000038,170.9699200000001,7
1.2374230000000048,167.90968000000012,7
1.2374230000000048,167.90968000000012,7
1.2315830000000036,162.57311999999996,7
1.2315830000000036,162.57311999999996,7
1.2272030000000043,167.152,7
1.2272030000000043,167.152,7
1.2453070000000044,170.97976,7
1.2453070000000044,170.97976,7
1.2407080000000037,167.91952000000003,7
1.2407080000000037,167.91952000000003,7
1.2358900000000046,170.97976,7
1.2358900000000046,170.97976,7
1.2488110000000046,168.6739200000001,7
1.2488110000000046,168.6739200000001,7
1.2562570000000044,173.27576000000002,7
1.2562570000000044,173.27576000000002,7
1.2374230000000048,160.26728000000006,7
1.2374230000000048,160.26728000000006,7
1.2559650000000047,166.38776000000001,7
1.2559650000000047,166.38776000000001,7
1.2682290000000034,168.68376,7
1.2682290000000034,168.68376,7
1.2585930000000023,169.44799999999998,7
1.2585930000000023,169.44799999999998,7
1.2501250000000033,169.44799999999998,7
1.2501250000000033,169.44799999999998,7
1.2627540000000035,170.21552000000003,7
1.2627540000000035,170.21552000000003,7
1.2697620000000038,166.38776000000001,7
1.199025,177.9530400000001,8
1.199025,173.0100800000002,8
1.1439830000000002,175.4799200000001,8
1.2540669999999996,175.4799200000001,8
1.1858849999999987,177.9530400000001,8
1.1858849999999987,173.0100800000002,8
1.1309159999999971,175.4799200000001,8
1.2409269999999983,175.4799200000001,8
1.2042809999999986,171.83256000000014,8
1.2042809999999986,167.00768000000014,8
1.1492389999999988,169.47752000000003,8
1.25925,169.47752000000003,8
1.2042809999999986,173.36432000000016,8
1.2042809999999986,168.53616000000008,8
1.1492389999999988,170.89120000000017,8
1.25925,170.89120000000017,8
1.1885129999999997,171.83256000000014,8
1.1885129999999997,167.00768000000014,8
1.133543999999998,169.47752000000003,8
1.2409269999999983,169.47752000000003,8
1.2068359999999978,167.35864000000004,8
1.2068359999999978,162.41568000000012,8
1.1518669999999964,164.88880000000012,8
1.2618779999999976,164.88880000000012,8
1.2042809999999986,177.9530400000001,8
1.2042809999999986,173.1281600000001,8
1.1492389999999988,175.4799200000001,8
1.25925,175.4799200000001,8
1.1937690000000014,176.42456000000013,8
1.1937690000000014,171.59640000000005,8
1.1388,173.95144000000016,8
1.2488110000000012,173.95144000000016,8
1.209464000000002,172.65912000000029,8
1.209464000000002,167.7128800000003,8
1.1544950000000007,170.1860000000003,8
1.264506000000002,170.1860000000003,8
1.2199760000000026,173.36432000000016,8
1.2199760000000026,168.53616000000008,8
1.1675620000000038,170.89120000000017,8
1.2750180000000022,170.89120000000017,8
1.2199760000000026,181.01656000000014,8
1.2199760000000026,176.07032000000015,8
1.1649340000000028,178.54344000000015,8
1.2723900000000012,178.54344000000015,8
1.2068360000000011,176.42456000000013,8
1.2068360000000011,171.59640000000005,8
1.1518669999999998,173.95144000000016,8
1.25925,173.95144000000016,8
1.2173480000000017,171.12736000000024,8
1.2173480000000017,166.18440000000032,8
1.1649340000000028,168.65424000000027,8
1.2723900000000012,168.65424000000027,8
1.2120919999999997,164.29840000000036,8
1.2120919999999997,159.35544000000044,8
1.1597509999999993,161.82856000000044,8
1.2671339999999995,161.82856000000044,8
1.2068359999999978,177.2478400000005,8
1.2068359999999978,172.3048800000006,8
1.1518669999999964,174.7747200000005,8
1.2618779999999976,174.7747200000005,8
1.2199759999999993,174.89280000000042,8
1.2199759999999993,170.0679200000004,8
1.1649339999999995,172.4229600000005,8
1.272389999999998,172.4229600000005,8
1.230414999999998,168.77232000000046,8
1.230414999999998,163.94744000000046,8
1.1754459999999967,166.41728000000035,8
1.2854569999999979,166.41728000000035,8
1.2252319999999977,170.30408000000048,8
1.2252319999999977,165.4759200000004,8
1.170189999999998,167.9490400000004,8
1.2802739999999975,167.9490400000004,8
1.219975999999996,168.77232000000046,8
1.219975999999996,163.94744000000046,8
1.1649339999999961,166.41728000000035,8
1.2723899999999946,166.41728000000035,8
1.2304149999999947,172.65912000000029,8
1.2304149999999947,167.7128800000003,8
1.1754459999999933,170.1860000000003,8
1.2854569999999945,170.1860000000003,8
1.2330429999999957,172.65912000000029,8
1.2330429999999957,167.7128800000003,8
1.178073999999994,170.1860000000003,8
1.2880849999999953,170.1860000000003,8
1.222603999999997,171.12736000000024,8
1.222603999999997,166.18440000000032,8
1.167561999999997,168.65424000000027,8
1.2776459999999965,168.65424000000027,8
1.2278599999999953,173.36432000000016,8
1.2278599999999953,168.53616000000008,8
1.1754459999999967,170.89120000000017,8
1.2828289999999969,170.89120000000017,8
1.2382989999999976,170.30408000000017,8
1.2382989999999976,165.4759200000001,8
1.183329999999996,167.94904000000008,8
1.2933409999999972,167.94904000000008,8
1.2330429999999957,165.00688,8
1.2330429999999957,160.06064,8
1.178073999999994,162.53376000000003,8
1.2880849999999953,162.53376000000003,8
1.2278599999999953,169.59559999999993,8
1.2278599999999953,164.65264000000002,8
1.1728179999999957,167.12247999999994,8
1.2828289999999969,167.12247999999994,8
1.246182999999997,173.36431999999985,8
1.246182999999997,168.53615999999977,8
1.1911409999999971,171.00927999999976,8
1.3012249999999965,171.00927999999976,8
1.240926999999995,170.30407999999989,8
1.240926999999995,165.4759199999998,8
1.1858849999999954,167.9490399999998,8
1.2959689999999948,167.9490399999998,8
1.2356709999999933,173.36431999999985,8
1.2356709999999933,168.53615999999977,8
1.1833299999999927,170.89119999999986,8
1.290712999999993,170.89119999999986,8
1.2488109999999946,171.12735999999995,8
1.2488109999999946,166.18440000000004,8
1.1963969999999957,168.65423999999996,8
1.3038529999999942,168.65423999999996,8
1.2566219999999957,175.7160799999999,8
1.2566219999999957,170.77311999999998,8
1.2016529999999943,173.24623999999997,8
1.3116639999999955,173.24623999999997,8
1.2382989999999943,162.7699200000001,8
1.2382989999999943,157.82696000000018,8
1.1833299999999927,160.2968000000001,8
1.2933409999999939,160.2968000000001,8
1.2566219999999924,168.77232000000015,8
1.2566219999999924,163.94744000000014,8
1.201652999999991,166.41728000000006,8
1.3116639999999922,166.41728000000006,8
1.2697619999999938,171.12735999999995,8
1.2697619999999938,166.18440000000004,8
1.214719999999994,168.65423999999996,8
1.3221759999999925,168.65423999999996,8
1.2592499999999933,171.83255999999983,8
1.2592499999999933,167.00767999999982,8
1.204280999999992,169.47751999999974,8
1.3142919999999931,169.47751999999974,8
1.2514389999999922,171.83255999999983,8
1.2514389999999922,167.00767999999982,8
1.1963969999999924,169.47751999999974,8
1.3064079999999936,169.47751999999974,8
1.2645059999999952,172.6591199999997,8
1.2645059999999952,167.7128799999997,8
1.2094639999999954,170.1859999999997,8
1.3169199999999939,170.1859999999997,8
1.2697619999999938,168.77231999999955,8
1.2697619999999938,163.94743999999955,8
1.214719999999994,166.41727999999947,8
1.3248039999999934,166.41727999999947,8
1.3872190000000015,167.91952000000003,9
1.387,170.21552000000003,9
1.387,170.21552000000003,9
1.415178000000001,167.18152000000003,9
1.415178000000001,167.18152000000003,9
1.4099220000000023,170.98959999999994,9
1.4099220000000023,170.98959999999994,9
1.4029140000000022,174.0498399999999,9
1.4029140000000022,174.0498399999999,9
1.436567000000003,164.09503999999978,9
1.436567000000003,164.09503999999978,9
1.4383190000000015,167.1519999999997,9
1.4383190000000015,167.1519999999997,9
1.431311000000001,169.4479999999997,9
1.431311000000001,169.4479999999997,9
1.4483200000000007,167.93919999999957,9
1.4483200000000007,167.93919999999957,9
1.4500719999999991,167.90967999999953,9
1.4500719999999991,167.90967999999953,9
1.4381,166.38775999999942,9
1.4381,166.38775999999942,9
1.4694900000000013,163.32751999999942,9
1.4694900000000013,163.32751999999942,9
1.4677380000000029,174.0498399999993,9
1.4677380000000029,174.0498399999993,9
1.4627740000000042,171.7439999999994,9
1.4627740000000042,171.7439999999994,9
1.4802210000000031,174.0498399999993,9
1.4802210000000031,174.0498399999993,9
1.4832870000000038,167.1519999999994,9
1.4832870000000038,167.1519999999994,9
1.4802210000000031,170.98959999999934,9
1.4802210000000031,170.98959999999934,9
1.4863530000000043,167.1519999999994,9
1.4863530000000043,167.1519999999994,9
1.525627000000005,165.62351999999944,9
1.525627000000005,165.62351999999944,9
1.5341680000000055,160.25743999999955,9
1.5341680000000055,160.25743999999955,9
1.533730000000006,171.7538399999996,9
1.533730000000006,171.7538399999996,9
1.5758510000000059,169.46111999999968,9
1.5758510000000059,169.46111999999968,9
1.5795740000000074,169.4479999999997,9
1.5795740000000074,169.4479999999997,9
1.5760700000000074,165.61367999999982,9
1.5760700000000074,165.61367999999982,9
1.6099420000000064,164.0819199999998,9
1.6099420000000064,164.0819199999998,9
1.6321340000000062,174.80423999999965,9
1.6321340000000062,174.80423999999965,9
1.6487780000000076,170.97975999999971,9
1.6487780000000076,170.97975999999971,9
1.640894000000008,166.3779199999998,9
1.640894000000008,166.3779199999998,9
1.6814820000000077,168.67391999999978,9
1.6814820000000077,168.67391999999978,9
1.6985640000000088,170.97975999999971,9
1.6985640000000088,170.97975999999971,9
1.6930890000000087,166.38775999999973,9
1.6930890000000087,166.38775999999973,9
1.7279830000000103,172.5180799999996,9
1.7279830000000103,172.5180799999996,9
1.774922000000009,170.98959999999963,9
1.774922000000009,170.98959999999963,9
1.8194520000000083,174.04983999999962,9
1.8194520000000083,174.04983999999962,9
1.8425930000000088,169.4479999999997,9
1.8425930000000088,169.4479999999997,9
1.8347820000000077,171.7538399999996,9
1.8347820000000077,171.7538399999996,9
1.8795310000000085,167.90967999999953,9
1.8795310000000085,167.90967999999953,9
1.9059570000000077,177.11007999999958,9
1.9059570000000077,177.11007999999958,9
1.9509250000000067,169.4479999999997,9
1.9613639999999988,162.60264,10
1.9816580000000004,172.51807999999988,10
1.9816580000000004,172.51807999999988,10
2.027721,173.28559999999993,10
2.027721,173.28559999999993,10
2.072032000000001,170.98959999999994,10
2.072032000000001,170.98959999999994,10
2.125760000000002,167.18152000000003,10
2.125760000000002,167.18152000000003,10
2.175984000000003,169.46112,10
2.175984000000003,169.46112,10
2.2076660000000037,178.61888,10
2.2076660000000037,178.61888,10
2.2703000000000033,172.51807999999988,10
2.2703000000000033,172.51807999999988,10
2.3152680000000023,174.0498399999999,10
2.3152680000000023,174.0498399999999,10
2.358265000000001,171.7538399999999,10
2.358265000000001,171.7538399999999,10
2.411117,173.28559999999993,10
2.411117,173.28559999999993,10
2.4593700000000007,170.22535999999997,10
2.4593700000000007,170.22535999999997,10
2.5014910000000006,171.7538399999999,10
2.5014910000000006,171.7538399999999,10
2.547335000000002,170.22535999999997,10
2.547335000000002,170.22535999999997,10
2.5933980000000014,174.80423999999996,10
2.5933980000000014,174.80423999999996,10
2.6396800000000025,175.5619200000001,10
2.6396800000000025,175.5619200000001,10
2.6892470000000026,173.27576000000002,10
2.6892470000000026,173.27576000000002,10
2.7566990000000007,159.54240000000004,10
2.7566990000000007,159.54240000000004,10
2.7953890000000023,169.46768000000012,10
2.7953890000000023,169.46768000000012,10
2.8523290000000037,158.78799999999998,10
2.8523290000000037,158.78799999999998,10
2.889705000000003,168.71328000000005,10
2.889705000000003,168.71328000000005,10
2.9344540000000037,165.6530400000001,10
2.9344540000000037,165.6530400000001,10
2.9892040000000035,161.07088,10
2.9892040000000035,161.07088,10
3.0365810000000018,162.60264,10
3.0365810000000018,162.60264,10
3.0737380000000027,166.41728000000006,10
3.0737380000000027,166.41728000000006,10
3.1260790000000034,163.3570400000001,10
3.1260790000000034,163.3570400000001,10
3.1776170000000032,165.6530400000001,10
3.1776170000000032,165.6530400000001,10
3.234630000000003,157.25623999999996,10
3.234630000000003,157.25623999999996,10
3.267991000000004,165.64319999999987,10
3.267991000000004,165.64319999999987,10
3.3138350000000054,162.60263999999972,10
3.3138350000000054,162.60263999999972,10
3.3739140000000054,154.9700799999996,10
3.3739140000000054,154.9700799999996,10
3.4215100000000054,161.83839999999947,10
3.4215100000000054,161.83839999999947,10
3.462098000000005,159.54239999999945,10
3.462098000000005,159.54239999999945,10
3.4988170000000065,162.5927999999995,10
3.4988170000000065,162.5927999999995,10
3.5437850000000055,164.12455999999952,10
3.5437850000000055,164.12455999999952,10
3.598316000000004,155.73759999999965,10
3.598316000000004,155.73759999999965,10
3.6559860000000044,155.73759999999965,10
3.6559860000000044,155.73759999999965,10
3.692851000000006,159.54239999999976,10
3.692851000000006,159.54239999999976,10
3.743075000000007,160.31647999999964,10
3.743075000000007,160.31647999999964,10
3.786729000000007,161.0708799999997,10
3.786729000000007,161.0708799999997,10
3.8306020000000083,156.49199999999968,10
3.8306020000000083,156.49199999999968,10
3.8884910000000072,152.6839199999998,10
3.8884910000000072,152.6839199999998,10
3.931926000000006,157.25623999999965,10
3.931926000000006,157.25623999999965,10
3.9825880000000065,148.85943999999955,10
3.9825880000000065,148.85943999999955,10
4.018358000000007,158.02047999999965,10
4.018358000000007,158.02047999999965,10
4.065516000000007,154.96023999999966,10
4.065516000000007,154.96023999999966,10
4.1085130000000065,151.15543999999954,10
4.1085130000000065,151.15543999999954,10
4.145889000000006,160.31647999999964,10
4.145889000000006,160.31647999999964,10
4.214655000000006,143.5327199999996,10
4.214655000000006,143.5327199999996,10
4.251958000000007,154.2058399999996,10
4.251958000000007,154.2058399999996,10
4.292108000000007,151.91967999999952,10
4.292108000000007,151.91967999999952,10
4.341967000000007,147.35063999999943,10
4.341967000000007,147.35063999999943,10
4.383212000000007,156.5018399999993,10
4.383212000000007,156.5018399999993,10
4.445627000000008,146.58311999999938,10
4.445627000000008,146.58311999999938,10
4.495851000000009,148.87911999999938,10
4.495851000000009,148.87911999999938,10
4.54016200000001,145.05463999999944,10
4.54016200000001,145.05463999999944,10
4.580093000000009,150.3879199999995,10
4.580093000000009,150.3879199999995,10
4.619440000000008,151.15543999999954,10
4.619440000000008,151.15543999999954,10
4.671343000000009,148.1050399999995,10
4.671343000000009,148.1050399999995,10
4.72156700000001,149.63351999999944,10
4.72156700000001,149.63351999999944,10
4.770039000000009,148.86927999999946,10
4.770039000000009,148.86927999999946,10
4.820920000000007,142.76847999999933,10
4.820920000000007,142.76847999999933,10
4.861070000000008,153.44159999999934,10
4.861070000000008,153.44159999999934,10
4.917864000000009,141.99439999999947,10
4.917864000000009,141.99439999999947,10
4.949692000000006,147.35063999999943,10
4.949692000000006,147.35063999999943,10
4.998164000000009,148.86927999999946,10
4.998164000000009,148.86927999999946,10
5.061966000000007,136.65783999999962,10
5.061966000000007,136.65783999999962,10
5.092699000000008,148.86927999999946,10
5.092699000000008,148.86927999999946,10
5.148398000000008,137.43191999999948,10
5.148398000000008,137.43191999999948,10
5.19227100000001,142.76847999999964,10
5.19227100000001,142.76847999999964,10
5.237239000000009,144.28711999999967,10
5.237239000000009,144.28711999999967,10
5.281550000000006,142.0009599999996,10
5.281550000000006,142.0009599999996,10
5.330460000000006,144.28711999999967,10
5.330460000000006,144.28711999999967,10
5.382874000000007,141.23671999999962,10
5.382874000000007,141.23671999999962,10
5.438135000000005,127.51319999999957,10
5.438135000000005,127.51319999999957,10
5.474562000000004,140.48231999999956,10
5.474562000000004,140.48231999999956,10
5.524129000000004,137.43191999999948,10
5.524129000000004,137.43191999999948,10
5.567783,140.48231999999956,10
5.567783,140.48231999999956,10
5.606181000000002,145.05463999999944,10
5.606181000000002,145.05463999999944,10
5.659690000000001,142.76847999999933,10
5.659690000000001,142.76847999999933,10
5.716922000000002,144.2871199999994,10
5.716922000000002,144.2871199999994,10
5.7529110000000045,141.24655999999925,10
5.7529110000000045,141.24655999999925,10
5.8131360000000045,135.90015999999918,10
5.8131360000000045,135.90015999999918,10
5.865988000000003,137.4319199999992,10
5.865988000000003,137.4319199999992,10
5.884311000000005,144.28711999999908,10
5.884311000000005,144.28711999999908,10
5.935630000000002,145.81887999999913,10
5.935630000000002,145.81887999999913,10
5.999432000000001,132.07567999999924,10
5.999432000000001,132.07567999999924,10
6.016441,138.17647999999934,10
6.016441,138.17647999999934,10
6.078637000000004,138.9439999999994,10
6.078637000000004,138.9439999999994,10
6.141490000000001,135.1359199999995,10
6.141490000000001,135.1359199999995,10
6.1742669999999995,137.43191999999948,10
6.1742669999999995,137.43191999999948,10
6.211132000000001,141.24655999999953,10
6.211132000000001,141.24655999999953,10
6.264859999999999,138.95055999999954,10
6.264859999999999,138.95055999999954,10
6.313769999999997,140.48231999999956,10
6.313769999999997,140.48231999999956,10
6.347203999999997,137.43191999999948,10
6.347203999999997,137.43191999999948,10
6.407209999999998,132.09535999999935,10
6.407209999999998,132.09535999999935,10
6.4537109999999975,133.6139999999994,10
6.4537109999999975,133.6139999999994,10
6.484735999999998,132.08551999999943,10
6.484735999999998,132.08551999999943,10
6.542551999999999,133.6139999999994,10
6.542551999999999,133.6139999999994,10
6.597593999999998,130.56359999999933,10
6.597593999999998,130.56359999999933,10
6.633363999999996,135.90015999999946,10
6.633363999999996,135.90015999999946,10
6.672710999999998,137.43191999999948,10
6.672710999999998,137.43191999999948,10
6.720963999999996,135.1359199999995,10
6.720963999999996,135.1359199999995,10
6.772720999999996,137.43191999999948,10
6.772720999999996,137.43191999999948,10
6.818710999999998,125.22703999999949,10
6.818710999999998,125.22703999999949,10
6.859809999999999,131.32127999999946,10
6.859809999999999,131.32127999999946,10
6.9235389999999954,132.84975999999943,10
6.9235389999999954,132.84975999999943,10
6.946241999999994,129.78951999999944,10
6.946241999999994,129.78951999999944,10
6.999312999999996,132.84975999999943,10
6.999312999999996,132.84975999999943,10
7.050996999999996,135.90015999999946,10
7.050996999999996,135.90015999999946,10
7.102972999999995,133.6139999999994,10
7.102972999999995,133.6139999999994,10
7.130493999999998,135.1359199999995,10
7.130493999999998,135.1359199999995,10
7.182908,131.32127999999946,10
7.182908,131.32127999999946,10
7.241892,126.73911999999937,10
7.241892,126.73911999999937,10
7.271749000000001,130.56359999999933,10
7.271749000000001,130.56359999999933,10
7.343142999999999,116.06599999999939,10
7.343142999999999,116.06599999999939,10
7.386140000000001,129.03511999999938,10
7.386140000000001,129.03511999999938,10
7.421107000000001,125.98471999999931,10
7.421107000000001,125.98471999999931,10
7.474542999999999,117.59775999999941,10
7.474542999999999,117.59775999999941,10
7.519802999999998,123.69855999999953,10
7.519802999999998,123.69855999999953,10
7.559734,131.32127999999946,10
7.559734,131.32127999999946,10
7.603607000000001,122.17663999999942,10
7.603607000000001,122.17663999999942,10
7.6586490000000005,119.11639999999944,10
7.6586490000000005,119.11639999999944,10
7.702522000000003,125.22047999999934,10
7.702522000000003,125.22047999999934,10
7.733693000000006,126.73911999999937,10
7.733693000000006,126.73911999999937,10
7.7885160000000075,123.68871999999932,10
7.7885160000000075,123.68871999999932,10
7.845675000000007,125.9748799999994,10
7.845675000000007,125.9748799999994,10
7.8802040000000035,122.92447999999935,10
7.8802040000000035,122.92447999999935,10
7.939115000000001,116.82039999999945,10
7.939115000000001,116.82039999999945,10
7.976929000000004,129.78951999999944,10
7.976929000000004,129.78951999999944,10
8.051170000000004,116.05615999999948,10
8.051170000000004,116.05615999999948,10
8.072121000000003,119.87407999999958,10
8.072121000000003,119.87407999999958,10
8.134974000000001,116.06599999999969,10
8.134974000000001,116.06599999999969,10
8.189577999999997,122.17007999999959,10
8.189577999999997,122.17007999999959,10
8.217099000000001,123.69855999999953,10
8.217099000000001,123.69855999999953,10
8.261409999999998,121.40255999999954,10
8.261409999999998,121.40255999999954,10
8.314408,124.45295999999959,10
8.314408,124.45295999999959,10
8.360325,111.48711999999968,10
8.360325,111.48711999999968,10
8.406607000000001,116.05615999999978,10
8.406607000000001,116.05615999999978,10
8.450260999999998,119.10655999999983,10
8.450260999999998,119.10655999999983,10
8.512018999999999,115.29191999999979,10
8.512018999999999,115.29191999999979,10
8.536693,119.10655999999983,10
8.536693,119.10655999999983,10
8.592757,115.30175999999972,10
8.592757,115.30175999999972,10
8.665903000000004,101.56839999999976,10
8.665903000000004,101.56839999999976,10
8.703498000000002,113.78311999999968,10
8.703498000000002,113.78311999999968,10
8.731457,109.2009599999996,10
8.731457,109.2009599999996,10
8.784235999999998,111.48711999999968,10
8.784235999999998,111.48711999999968,10
8.846067,107.66919999999956,10
8.846067,107.66919999999956,10
8.870741,112.25135999999965,10
8.870741,112.25135999999965,10
8.916804000000004,113.78311999999968,10
8.916804000000004,113.78311999999968,10
8.977467000000006,109.96519999999957,10
8.977467000000006,109.96519999999957,10
9.010244000000005,113.01559999999964,10
9.010244000000005,113.01559999999964,10
9.061490000000008,100.8139999999997,10
9.061490000000008,100.8139999999997,10
9.10689600000001,106.15055999999983,10
9.10689600000001,106.15055999999983,10
9.156974000000007,107.66919999999986,10
9.156974000000007,107.66919999999986,10
9.18354600000001,103.86439999999975,10
9.18354600000001,103.86439999999975,10
9.24858900000001,106.15055999999983,10
9.24858900000001,106.15055999999983,10
9.288374000000008,109.96519999999987,10
9.288374000000008,109.96519999999987,10
9.31611400000001,105.38303999999978,10
9.31611400000001,105.38303999999978,10
9.35692100000001,109.2009599999999,10
9.35692100000001,109.2009599999999,10
9.423497000000008,97.75376000000001,10
9.423497000000008,97.75376000000001,10
9.472407000000008,100.0399200000001,10
9.472407000000008,100.0399200000001,10
9.50686300000001,96.98952000000004,10
9.50686300000001,96.98952000000004,10
9.546867000000006,102.34247999999994,10
9.546867000000006,102.34247999999994,10
9.602274000000007,103.09031999999985,10
9.602274000000007,103.09031999999985,10
9.628919000000005,99.28223999999996,10
9.628919000000005,99.28223999999996,10
9.681990000000008,102.33264000000003,10
9.681990000000008,102.33264000000003,10
9.735499000000008,97.75376000000001,10
9.735499000000008,97.75376000000001,10
9.775868000000006,93.17159999999993,10
9.775868000000006,93.17159999999993,10
9.790468000000006,105.39288,10
9.790468000000006,105.39288,10
9.852299000000007,102.33264000000003,10
9.852299000000007,102.33264000000003,10
9.893106000000008,103.85456000000013,10
9.893106000000008,103.85456000000013,10
9.939826000000005,101.55856000000013,10
9.939826000000005,101.55856000000013,10
9.985451000000007,96.2318400000002,10
9.985451000000007,96.2318400000002,10
10.033923000000009,97.75376000000031,10
10.033923000000009,97.75376000000031,10
10.062101000000006,94.70336000000025,10
10.062101000000006,94.70336000000025,10
10.101375000000006,96.2318400000002,10
10.101375000000006,96.2318400000002,10
10.155103000000004,93.18144000000014,10
10.155103000000004,93.18144000000014,10
10.181967000000007,88.60256000000012,10
10.181967000000007,88.60256000000012,10
10.23043900000001,90.12120000000017,10
10.23043900000001,90.12120000000017,10
10.288474000000008,87.83504000000008,10
10.288474000000008,87.83504000000008,10
10.33147100000001,99.27240000000005,10
10.33147100000001,99.27240000000005,10
10.362715000000009,87.84488,10
10.362715000000009,87.84488,10
10.399799000000007,93.18144000000014,10
10.399799000000007,93.18144000000014,10
10.457907000000008,93.94568000000012,10
10.457907000000008,93.94568000000012,10
10.486450000000007,82.49848000000023,10
10.486450000000007,82.49848000000023,10
10.52273100000001,93.9358400000002,10
10.52273100000001,93.9358400000002,10
10.573612000000011,89.36680000000011,10
10.573612000000011,89.36680000000011,10
10.617485000000013,84.78464000000002,10
10.617485000000013,84.78464000000002,10
10.628143000000012,96.2318399999999,10
10.628143000000012,96.2318399999999,10
10.695814000000016,84.03023999999996,10
10.695814000000016,84.03023999999996,10
10.747571000000017,86.31640000000004,10
10.747571000000017,86.31640000000004,10
10.755455000000016,83.26599999999999,10
10.755455000000016,83.26599999999999,10
10.787137000000017,88.60256000000012,10
10.787137000000017,88.60256000000012,10
10.847362000000016,83.26599999999999,10
10.847362000000016,83.26599999999999,10
10.876635000000018,78.69368000000011,10
10.876635000000018,78.69368000000011,10
10.901966000000021,90.13104000000008,10
10.901966000000021,90.13104000000008,10
10.955621000000024,85.53904000000009,10
10.955621000000024,85.53904000000009,10
11.01570000000002,79.44808000000018,10
11.01570000000002,79.44808000000018,10
11.008254000000017,86.31640000000004,10
11.008254000000017,86.31640000000004,10
11.065924000000015,80.97,10
11.065924000000015,80.97,10
11.105198000000016,83.25288,10
11.105198000000016,83.25288,10
11.126149000000014,89.36680000000011,10
11.126149000000014,89.36680000000011,10
11.166518000000012,73.34728000000007,10
11.166518000000012,73.34728000000007,10
11.20236100000001,80.9798400000002,10
11.20236100000001,80.9798400000002,10
11.238350000000013,75.63344000000015,10
11.238350000000013,75.63344000000015,10
11.255797000000015,77.91960000000023,10
11.255797000000015,77.91960000000023,10
11.299086000000019,74.8659200000001,10
11.299086000000019,74.8659200000001,10
11.33113300000002,85.54888,10
11.33113300000002,85.54888,10
11.350332000000021,73.34728000000007,10
11.350332000000021,73.34728000000007,10
11.37522500000002,77.90647999999993,10
11.37522500000002,77.90647999999993,10
11.42939100000002,79.44807999999989,10
11.42939100000002,79.44807999999989,10
11.460854000000024,83.25288,10
11.460854000000024,83.25288,10
11.46435800000002,78.68383999999989,10
11.46435800000002,78.68383999999989,10
11.509764000000022,74.86591999999979,10
11.509764000000022,74.86591999999979,10
11.55013300000002,70.2968799999997,10
11.55013300000002,70.2968799999997,10
11.54947600000002,80.96999999999969,10
11.54947600000002,80.96999999999969,10
11.580282000000022,78.6838399999996,10
11.580282000000022,78.6838399999996,10
11.63503200000002,71.81551999999974,10
11.63503200000002,71.81551999999974,10
11.660801000000019,69.51951999999974,10
11.660801000000019,69.51951999999974,10
11.662334000000019,71.06111999999968,10
11.662334000000019,71.06111999999968,10
11.694454000000016,69.53263999999973,10
11.694454000000016,69.53263999999973,10
11.706645000000018,71.81551999999974,10
11.706645000000018,71.81551999999974,10
11.70036700000002,76.38783999999961,10
11.70036700000002,76.38783999999961,10
11.702703000000017,72.58303999999947,10
11.702703000000017,72.58303999999947,10
11.70036700000002,77.15207999999959,10
11.70036700000002,77.15207999999959,10
11.706645000000018,71.80567999999951,10
11.706645000000018,71.80567999999951,10
11.719128000000017,61.14239999999944,10
11.719128000000017,61.14239999999944,10
11.709054000000016,70.29687999999939,10
11.709054000000016,70.29687999999939,10
11.712777000000019,67.24647999999934,10
11.712777000000019,67.24647999999934,10
11.710368000000019,70.29687999999939,10
11.710368000000019,70.29687999999939,10
11.712777000000019,67.23663999999943,10
11.712777000000019,67.23663999999943,10
11.709054000000016,71.81551999999942,10
11.709054000000016,71.81551999999942,10
11.715405000000016,64.18623999999937,10
11.715405000000016,64.18623999999937,10
11.711682000000014,68.76511999999937,10
11.711682000000014,68.76511999999937,10
11.707740000000015,72.58303999999947,10
11.707740000000015,72.58303999999947,10
11.712777000000012,67.24647999999934,10
11.712777000000012,67.24647999999934,10
11.71540500000001,65.71471999999932,10
11.71540500000001,65.71471999999932,10
11.714091000000007,67.23663999999943,10
11.714091000000007,67.23663999999943,10
11.716500000000007,65.71471999999932,10
11.716500000000007,65.71471999999932,10
11.725406000000008,58.08215999999916,10
11.725406000000008,58.08215999999916,10
11.71912800000001,63.42855999999924,10
11.71912800000001,63.42855999999924,10
11.714091000000014,68.00087999999911,10
11.714091000000014,68.00087999999911,10
11.725406000000016,57.3277599999991,10
11.725406000000016,57.3277599999991,10
11.724165000000015,59.60407999999899,10
11.724165000000015,59.60407999999899,10
11.716500000000014,65.714719999999,10
11.716500000000014,65.714719999999,10
11.730224000000014,52.73903999999888,10
11.730224000000014,52.73903999999888,10
11.720442000000013,62.66431999999895,10
11.720442000000013,62.66431999999895,10
11.725406000000016,58.849679999998926,10
11.725406000000016,58.849679999998926,10
11.721537000000017,61.90991999999889,10
11.721537000000017,61.90991999999889,10
11.724165000000015,58.849679999998926,10
11.724165000000015,58.849679999998926,10
11.727815000000014,55.031759999998826,10
11.727815000000014,55.031759999998826,10
11.726574000000014,56.563519999998846,10
11.726574000000014,56.563519999998846,10
11.730224000000014,53.51311999999879,10
11.730224000000014,53.51311999999879,10
11.730224000000014,55.021919999998886,10
11.730224000000014,55.021919999998886,10
11.724165000000015,61.90007999999898,10
11.724165000000015,61.90007999999898,10
11.732852000000012,54.27735999999905,10
11.732852000000012,54.27735999999905,10
11.726574000000014,58.849679999998926,10
11.726574000000014,58.849679999998926,10
11.727815000000014,56.553679999998934,10
11.727815000000014,56.553679999998934,10
11.727815000000014,58.08215999999888,10
11.727815000000014,58.08215999999888,10
11.730224000000014,55.031759999998826,10
11.730224000000014,55.031759999998826,10
11.727815000000014,57.31791999999891,10
11.727815000000014,57.31791999999891,10
11.729129000000016,55.031759999998826,10
11.729129000000016,55.031759999998826,10
11.732852000000019,50.46271999999871,10
11.732852000000019,50.46271999999871,10
11.730224000000021,52.74887999999879,10
11.730224000000021,52.74887999999879,10
11.734166000000021,51.21711999999877,10
11.734166000000021,51.21711999999877,10
11.735261000000017,51.21711999999877,10
11.735261000000017,51.21711999999877,10
11.735261000000017,49.69847999999874,10
11.735261000000017,49.69847999999874,10
11.73657500000002,50.46271999999871,10
11.73657500000002,50.46271999999871,10
11.735261000000017,48.92111999999878,10
11.735261000000017,48.92111999999878,10
11.730224000000021,53.51311999999879,10
11.730224000000021,53.51311999999879,10
11.730224000000021,55.031759999998826,10
11.730224000000021,55.031759999998826,10
11.732852000000019,51.981359999998745,10
11.732852000000019,51.981359999998745,10
11.74424000000002,45.116319999998666,10
11.74424000000002,45.116319999998666,10
11.745335000000019,44.35207999999869,10
11.745335000000019,44.35207999999869,10
11.745335000000019,45.106479999998754,10
11.745335000000019,45.106479999998754,10
11.739203000000018,48.9407999999986,10
11.739203000000018,48.9407999999986,10
11.740298000000015,45.88055999999864,10
11.740298000000015,45.88055999999864,10
11.727815000000014,48.16671999999872,10
11.727815000000014,48.16671999999872,10
11.727815000000014,45.116319999998666,10
11.727815000000014,45.116319999998666,10
11.730224000000014,45.88055999999864,10
11.730224000000014,45.88055999999864,10
11.727815000000014,44.35207999999869,10
11.727815000000014,44.35207999999869,10
11.729129000000016,40.54399999999879,10
11.729129000000016,40.54399999999879,10
11.732852000000019,42.0659199999989,10
11.732852000000019,42.0659199999989,10
11.730224000000021,39.769919999998905,10
11.730224000000021,39.769919999998905,10
11.734166000000021,47.41231999999897,10
11.734166000000021,47.41231999999897,10
11.735261000000017,39.77975999999882,10
11.735261000000017,39.77975999999882,10
11.735261000000017,40.54399999999879,10
11.735261000000017,40.54399999999879,10
11.73657500000002,39.00239999999886,10
11.73657500000002,39.00239999999886,10
11.735261000000017,34.44319999999897,10
11.735261000000017,34.44319999999897,10
11.730224000000021,44.36191999999889,10
11.730224000000021,44.36191999999889,10
11.730224000000021,33.678959999998995,10
11.730224000000021,33.678959999998995,10
11.732852000000019,35.187759999999116,10
11.732852000000019,35.187759999999116,10
11.74424000000002,33.678959999998995,10
11.74424000000002,33.678959999998995,10
11.745335000000019,34.433359999999055,10
11.745335000000019,34.433359999999055,10
11.745335000000019,34.44319999999897,10
11.745335000000019,34.44319999999897,10
11.739203000000018,34.44319999999897,10
11.739203000000018,34.44319999999897,10
11.740298000000015,38.24799999999908,10
11.740298000000015,38.24799999999908,10
11.727815000000014,29.08695999999898,10
11.727815000000014,29.08695999999898,10
11.727815000000014,29.09679999999892,10
11.727815000000014,29.09679999999892,10
11.730224000000014,29.08695999999898,10
11.730224000000014,29.08695999999898,10
11.727815000000014,28.33255999999892,10
11.727815000000014,28.33255999999892,10
11.729129000000016,26.04639999999884,10
11.729129000000016,26.04639999999884,10
11.732852000000019,27.565039999998874,10
11.732852000000019,27.565039999998874,10
11.730224000000021,27.574879999998814,10
11.730224000000021,27.574879999998814,10
11.734166000000021,21.464239999998767,10
11.734166000000021,21.464239999998767,10
11.735261000000017,22.231759999998815,10
11.735261000000017,22.231759999998815,10
11.735261000000017,19.945599999998734,10
11.735261000000017,19.945599999998734,10
11.73657500000002,18.413839999998714,10
11.73657500000002,18.413839999998714,10
11.735261000000017,18.413839999998714,10
11.735261000000017,18.413839999998714,10
11.730224000000021,17.659439999998654,10
11.730224000000021,17.659439999998654,10
11.730224000000021,16.88535999999874,10
11.730224000000021,16.88535999999874,10
11.732852000000019,16.89519999999868,10
11.732852000000019,16.89519999999868,10
11.74424000000002,16.88535999999874,10
11.74424000000002,16.88535999999874,10
11.745335000000019,17.649599999998742,10
11.745335000000019,17.649599999998742,10
11.745335000000019,16.88535999999874,10
11.745335000000019,16.88535999999874,10
11.739203000000018,16.127679999998634,10
11.739203000000018,16.127679999998634,10
11.740298000000015,16.127679999998634,10
11.740298000000015,16.127679999998634,10
11.727815000000014,16.127679999998634,10
11.727815000000014,16.127679999998634,10
11.730224000000014,15.363439999998661,10
11.730224000000014,15.363439999998661,10
11.727815000000014,15.353599999998721,10
11.727815000000014,15.353599999998721,10
11.729129000000016,15.373279999998857,10
11.729129000000016,15.373279999998857,10
11.732852000000019,15.363439999998945,10
11.732852000000019,15.363439999998945,10
11.730224000000021,15.353599999999034,10
11.730224000000021,15.353599999999034,10
11.734166000000021,15.363439999998945,10
11.734166000000021,15.363439999998945,10
11.735261000000017,14.609039999998885,10
11.735261000000017,14.609039999998885,10
11.735261000000017,6.212239999998758,10
11.735261000000017,6.212239999998758,10
11.73657500000002,11.54879999999892,10
11.73657500000002,11.54879999999892,10
11.735261000000017,13.077279999998865,10
11.735261000000017,13.077279999998865,10
11.730224000000021,5.447999999998785,10
11.730224000000021,5.447999999998785,10
11.730224000000021,7.7374399999986565,10
11.730224000000021,7.7374399999986565,10
11.732852000000019,11.548799999998607,10
11.732852000000019,11.548799999998607,10
11.74424000000002,2.3975999999987323,10
11.74424000000002,2.3975999999987323,10
11.745335000000019,15.363439999998661,10
11.745335000000019,15.363439999998661,10
11.745335000000019,6.212239999998758,10
11.745335000000019,6.212239999998758,10
11.739203000000018,12.322879999998804,10
11.739203000000018,12.322879999998804,10
11.740298000000015,11.54879999999892,10
11.740298000000015,11.54879999999892,10
11.727815000000014,10.784559999998947,10
11.727815000000014,10.784559999998947,10
11.727815000000014,10.026879999998812,10
11.727815000000014,10.026879999998812,10
11.730224000000014,5.447999999998785,10
11.730224000000014,5.447999999998785,10
11.727815000000014,12.313039999998892,10
11.727815000000014,12.313039999998892,10
11.729129000000016,11.54879999999892,10
11.729129000000016,11.54879999999892,10
11.732852000000019,5.4414399999989485,10
11.732852000000019,5.4414399999989485,10
11.730224000000021,5.447999999999098,10
11.730224000000021,5.447999999999098,10
11.734166000000021,6.969919999999206,10
11.734166000000021,6.969919999999206,10
11.735261000000017,15.353599999999318,10
11.735261000000017,15.353599999999318,10
11.735261000000017,6.202399999999443,10
11.735261000000017,6.202399999999443,10
11.73657500000002,13.844799999999509,10
11.73657500000002,13.844799999999509,10
11.735261000000017,12.31303999999949,10
11.735261000000017,12.31303999999949,10
11.730224000000021,5.441439999999545,10
11.730224000000021,5.441439999999545,10
11.730224000000021,8.498399999999435,10
11.730224000000021,8.498399999999435,10
11.732852000000019,5.4447199999993074,10
11.732852000000019,5.4447199999993074,10
11.74424000000002,8.498399999999435,10
11.74424000000002,8.498399999999435,10
11.745335000000019,3.1585599999995395,10
11.745335000000019,3.1585599999995395,10
11.745335000000019,6.96991999999949,10
11.745335000000019,6.96991999999949,10
11.739203000000018,3.9195199999994372,10
11.739203000000018,3.9195199999994372,10
11.740298000000015,8.498399999999435,10
11.740298000000015,8.498399999999435,10
11.727815000000014,3.15199999999939,10
11.727815000000014,3.15199999999939,10
11.727815000000014,4.690319999999247,10
11.727815000000014,4.690319999999247,10
11.730224000000014,7.730879999999388,10
11.730224000000014,7.730879999999388,10
11.727815000000014,4.67719999999926,10
11.727815000000014,4.67719999999926,10
11.729129000000016,6.969919999999206,10
11.729129000000016,6.969919999999206,10
11.732852000000019,3.9227999999991994,10
11.732852000000019,3.9227999999991994,10
11.730224000000021,10.784559999999232,10
11.730224000000021,10.784559999999232,10
11.734166000000021,8.498399999999151,10
11.734166000000021,8.498399999999151,10
11.735261000000017,5.441439999999233,10
11.735261000000017,5.441439999999233,10
11.735261000000017,8.495119999999389,10
11.735261000000017,8.495119999999389,10
11.73657500000002,4.6870399999994845,10
11.73657500000002,4.6870399999994845,10
11.735261000000017,12.303199999999578,10
11.735261000000017,12.303199999999578,10
11.730224000000021,5.44471999999962,10
11.730224000000021,5.44471999999962,10
11.730224000000021,4.6870399999994845,10
11.730224000000021,4.6870399999994845,10
11.732852000000019,10.026879999999409,10
11.732852000000019,10.026879999999409,10
11.74424000000002,4.690319999999247,10
11.74424000000002,4.690319999999247,10
11.745335000000019,8.491839999999314,10
11.745335000000019,8.491839999999314,10
11.745335000000019,6.976479999999327,10
11.745335000000019,6.976479999999327,10
11.739203000000018,3.15199999999939,10
11.739203000000018,3.15199999999939,10
11.740298000000015,3.15199999999939,10
11.740298000000015,3.15199999999939,10
11.727815000000014,6.976479999999327,10
11.727815000000014,6.976479999999327,10
11.727815000000014,10.784559999999232,10
11.727815000000014,10.784559999999232,10
11.730224000000014,6.212239999999355,10
11.730224000000014,6.212239999999355,10
11.727815000000014,6.202399999999443,10
11.727815000000014,6.202399999999443,10
11.729129000000016,3.1585599999995395,10
11.729129000000016,3.1585599999995395,10
11.732852000000019,6.202399999999443,10
11.732852000000019,6.202399999999443,10
11.730224000000021,5.4447199999993074,10
11.730224000000021,5.4447199999993074,10
11.734166000000021,4.690319999999247,10
11.734166000000021,4.690319999999247,10
11.735261000000017,3.9195199999991246,10
11.735261000000017,3.9195199999991246,10
11.73657500000002,3.9195199999991246,10
11.73657500000002,3.9195199999991246,10
11.735261000000017,3.155279999999152,10
11.735261000000017,3.155279999999152,10
11.730224000000021,6.202399999999159,10
11.730224000000021,6.202399999999159,10
11.730224000000021,4.690319999999247,10
11.730224000000021,4.690319999999247,10
11.732852000000019,5.4447199999993074,10
11.732852000000019,5.4447199999993074,10
11.74424000000002,5.447999999999382,10
11.74424000000002,5.447999999999382,10
11.745335000000019,5.4447199999993074,10
11.745335000000019,5.4447199999993074,10
11.745335000000019,3.9195199999994372,10
11.745335000000019,3.9195199999994372,10
11.739203000000018,3.922799999999512,10
11.739203000000018,3.922799999999512,10
11.740298000000015,2.3975999999996134,10
11.740298000000015,2.3975999999996134,10
11.727815000000014,2.394319999999567,10
11.727815000000014,2.394319999999567,10
11.727815000000014,4.68375999999941,10
11.727815000000014,4.68375999999941,10
11.730224000000014,3.9096799999995255,10
11.730224000000014,3.9096799999995255,10
11.727815000000014,3.922799999999512,10
11.727815000000014,3.922799999999512,10
11.729129000000016,3.926079999999587,10
11.729129000000016,3.926079999999587,10
11.732852000000019,3.1585599999995395,10
11.732852000000019,3.1585599999995395,10
11.730224000000021,4.677199999999573,10
11.730224000000021,4.677199999999573,10
11.734166000000021,4.683759999999722,10
11.734166000000021,4.683759999999722,10
11.735261000000017,6.212239999999667,10
11.735261000000017,6.212239999999667,10
11.735261000000017,10.026879999999693,10
11.735261000000017,10.026879999999693,10
11.73657500000002,5.447999999999695,10
11.73657500000002,5.447999999999695,10
11.735261000000017,3.1651199999996606,10
11.735261000000017,3.1651199999996606,10
11.730224000000021,1.6366399999997157,10
11.730224000000021,1.6366399999997157,10
11.732852000000019,0.1015999999996211,10
11.732852000000019,0.1015999999996211,10
11.744240000000023,0.8691199999996689,10
