w,u,path
0.0265951743,-0.0799967501,0
0.0186595174,-0.0898830029,0
0.0186595174,-0.0898830029,0
0.0199463807,-0.0849463763,0
0.0199463807,-0.0849463763,0
0.025308311,-0.0819694508,0
0.025308311,-0.0819694508,0
0.029383378,-0.0968020799,0
0.029383378,-0.0968020799,0
0.0319571046,-0.0908742281,0
0.0319571046,-0.0908742281,0
0.0503306524,-0.0898830029,0
0.0503306524,-0.0898830029,0
0.0578373548,-0.0977933052,0
0.0578373548,-0.0977933052,0
0.0704200179,-0.0987845304,0
0.0704200179,-0.0987845304,0
0.0973726542,-0.093838154,0
0.0973726542,-0.093838154,0
0.1183199285,-0.1057068573,0
0.1183199285,-0.1057068573,0
0.1358355675,-0.1057068573,0
0.1358355675,-0.1057068573,0
0.156997319,-0.0987845304,0
0.156997319,-0.0987845304,0
0.1435567471,-0.1135684108,0
0.1435567471,-0.1135684108,0
0.1411974978,-0.1026941826,0
0.1411974978,-0.1026941826,0
0.1563538874,-0.1007084823,0
0.1563538874,-0.1007084823,0
0.1554959786,-0.1086220344,0
0.1554959786,-0.1086220344,0
0.1597855228,-0.102681183,0
0.1597855228,-0.102681183,0
0.1608579088,-0.1115859604,0
0.1608579088,-0.1115859604,0
0.1685790885,-0.1016899578,0
0.1685790885,-0.1016899578,0
0.1645040214,-0.1105947351,0
0.1645040214,-0.1105947351,0
0.1694369973,-0.1016899578,0
0.1694369973,-0.1016899578,0
0.1709383378,-0.1115762106,0
0.1709383378,-0.1115762106,0
0.1803038427,-0.1036626584,0
0.1803038427,-0.1036626584,0
0.1685790885,-0.1096035099,0
0.1685790885,-0.1096035099,0
0.1818051832,-0.1145401365,0
0.1818051832,-0.1145401365,0
0.1839499553,-0.1076210595,0
0.1839499553,-0.1076210595,0
0.1852368186,-0.1184952876,0
0.1852368186,-0.1184952876,0
0.1730116175,-0.1096035099,0
0.1730116175,-0.1096035099,0
0.1833065237,-0.1135489113,0
0.1833065237,-0.1135489113,0
0.1901697945,-0.1224504387,0
0.1901697945,-0.1224504387,0
0.1751563896,-0.1096035099,0
0.1751563896,-0.1096035099,0
0.1777301162,-0.113558661,0
0.1777301162,-0.113558661,0
0.2033958892,-0.1204712382,0
0.2033958892,-0.1204712382,0
0.1811617516,-0.1066298343,0
0.1811617516,-0.1066298343,0
0.1773011618,-0.113558661,0
0.1773011618,-0.113558661,0
0.1869526363,-0.1184952876,0
0.1869526363,-0.1184952876,0
0.1901697945,-0.1175040624,0
0.1901697945,-0.1175040624,0
0.18974084,-0.1105849854,0
0.18974084,-0.1105849854,0
0.1884539768,-0.1155313617,0
0.1884539768,-0.1155313617,0
0.1995352994,-0.1165128372,0
0.1995352994,-0.1165128372,0
0.1995352994,-0.1204712382,0
0.1995352994,-0.1204712382,0
0.1798748883,-0.1096035099,0
0.1798748883,-0.1096035099,0
0.1973905273,-0.1145401365,0
0.1973905273,-0.1145401365,0
0.195746202,-0.1145401365,0
0.195746202,-0.1145401365,0
0.1929579982,-0.1254176146,0
0.1929579982,-0.1254176146,0
0.192743521,-0.1224504387,0
0.192743521,-0.1224504387,0
0.2068275246,-0.1224439389,0
0.2068275246,-0.1224439389,0
0.2098302055,-0.1204712382,0
0.2098302055,-0.1204712382,0
0.18974084,-0.1125674358,0
0.18974084,-0.1125674358,0
0.1923145666,-0.1095937602,0
0.1923145666,-0.1095937602,0
0.2061840929,-0.1105752356,0
0.2061840929,-0.1105752356,0
0.2036103664,-0.1115664608,0
0.2036103664,-0.1115664608,0
0.195746202,-0.1165128372,0
0.195746202,-0.1165128372,0
0.2068275246,-0.1145303867,0
0.2068275246,-0.1145303867,0
0.2061840929,-0.1145303867,0
0.2061840929,-0.1145303867,0
0.2061840929,-0.115521612,0
0.2061840929,-0.115521612,0
0.1980339589,-0.1135489113,0
0.1980339589,-0.1135489113,0
0.2010366399,-0.1165128372,0
0.2010366399,-0.1165128372,0
0.2010366399,-0.1115664608,0
0.2010366399,-0.1115664608,0
0.2014655943,-0.1135489113,0
0.2014655943,-0.1135489113,0
0.2040393208,-0.1224439389,0
0.2040393208,-0.1224439389,0
0.2091867739,-0.1254078648,0
0.2091867739,-0.1254078648,0
0.1986773905,-0.1165128372,0
0.1986773905,-0.1165128372,0
0.1983199285,-0.1194767631,0
0.1983199285,-0.1194767631,0
0.2132618409,-0.1204712382,0
0.2132618409,-0.1204712382,0
0.2132618409,-0.1174943126,0
0.2132618409,-0.1174943126,0
0.2057551385,-0.1175040624,0
0.2057551385,-0.1175040624,0
0.2016800715,-0.1234351641,0
0.2016800715,-0.1234351641,0
0.2055406613,-0.1273903152,0
0.2055406613,-0.1273903152,0
0.215406613,-0.1283717907,0
0.215406613,-0.1283717907,0
0.2132618409,-0.1204712382,0
0.2132618409,-0.1204712382,0
0.2132618409,-0.1174943126,0
0.2132618409,-0.1174943126,0
0.2175513852,-0.1244166396,0
0.2175513852,-0.1244166396,0
0.2089722967,-0.1293630159,0
0.2089722967,-0.1293630159,0
0.2038248436,-0.1175040624,0
0.2038248436,-0.1175040624,0
0.2098302055,-0.1165128372,0
0.2098302055,-0.1165128372,0
0.2256300268,-0.1263893403,0
0.2256300268,-0.1263893403,0
0.2189812332,-0.1214494638,0
0.2189812332,-0.1214494638,0
0.2201251117,-0.115521612,0
0.2201251117,-0.115521612,0
0.2241286863,-0.1283717907,0
0.2241286863,-0.1283717907,0
0.2130473637,-0.1244166396,0
0.2130473637,-0.1244166396,0
0.2068275246,-0.1214592135,0
0.2068275246,-0.1214592135,0
0.214334227,-0.1273903152,0
0.214334227,-0.1273903152,0
0.2252010724,-0.1184855379,0
0.2252010724,-0.1184855379,0
0.2206970509,-0.1273805655,0
0.2206970509,-0.1273805655,0
0.2156210903,-0.1224439389,0
0.2156210903,-0.1224439389,0
0.2256300268,-0.1184855379,0
0.2256300268,-0.1184855379,0
0.2294906166,-0.1263893403,0
0.2294906166,-0.1263893403,0
0.2111170688,-0.1165128372,0
0.2111170688,-0.1165128372,0
0.2228418231,-0.1254078648,0
0.2228418231,-0.1254078648,0
0.2267024129,-0.1204582385,0
0.2267024129,-0.1204582385,0
0.2196246649,-0.1293630159,0
0.2196246649,-0.1293630159,0
0.2147631814,-0.1194767631,0
0.2147631814,-0.1194767631,0
0.2354959786,-0.1303444914,0
0.2354959786,-0.1303444914,0
0.2267024129,-0.1174943126,0
0.2267024129,-0.1174943126,0
0.2301340483,-0.1293532662,0
0.2301340483,-0.1293532662,0
0.2249865952,-0.1194670133,0
0.2249865952,-0.1194670133,0
0.2348525469,-0.1273805655,0
0.2348525469,-0.1273805655,0
0.225844504,-0.133318167,0
0.225844504,-0.133318167,0
0.2271313673,-0.1204582385,0
0.2271313673,-0.1204582385,0
0.2275603217,-0.133318167,0
0.2275603217,-0.133318167,0
0.2324932976,-0.1263893403,0
0.2324932976,-0.1263893403,0
0.229919571,-0.1283717907,0
0.229919571,-0.1283717907,0
0.21769437,-0.1323269418,0
0.21769437,-0.1323269418,0
0.2286327078,-0.1174943126,0
0.2286327078,-0.1174943126,0
0.2314209115,-0.1224309392,0
0.2314209115,-0.1224309392,0
0.2249865952,-0.1293630159,0
0.2249865952,-0.1293630159,0
0.2236997319,-0.12639909,0
0.2236997319,-0.12639909,0
0.2316353887,-0.1214494638,0
0.2316353887,-0.1214494638,0
0.2204825737,-0.1273805655,0
0.2204825737,-0.1273805655,0
0.2194816801,-0.133318167,0
0.2194816801,-0.133318167,0
0.2252010724,-0.1224439389,0
0.2252010724,-0.1224439389,0
0.2339946381,-0.1204582385,0
0.2339946381,-0.1204582385,0
0.2234852547,-0.1283717907,0
0.2234852547,-0.1283717907,0
0.2271313673,-0.1303444914,0
0.2271313673,-0.1303444914,0
0.2249865952,-0.1313357166,0
0.2249865952,-0.1313357166,0
0.2249865952,-0.1214494638,0
0.2249865952,-0.1214494638,0
0.2252010724,-0.1234221644,0
0.2252010724,-0.1234221644,0
0.2252010724,-0.1244166396,0
0.2252010724,-0.1244166396,0
0.236997319,-0.1283717907,0
0.236997319,-0.1283717907,0
0.225844504,-0.1352908677,0
0.225844504,-0.1352908677,0
0.2249865952,-0.1352908677,0
0.2249865952,-0.1352908677,0
0.2339946381,-0.1342996425,0
0.2339946381,-0.1342996425,0
0.236997319,-0.1244166396,0
0.236997319,-0.1244166396,0
0.2286327078,-0.1214494638,0
0.2286327078,-0.1214494638,0
0.2352815013,-0.1194670133,0
0.2352815013,-0.1194670133,0
0.2374262735,-0.1234221644,0
0.2374262735,-0.1234221644,0
0.2335656836,-0.1234221644,0
0.2335656836,-0.1234221644,0
0.2267024129,-0.1244166396,0
0.2267024129,-0.1244166396,0
0.2357104558,-0.1224309392,0
0.2357104558,-0.1224309392,0
0.2476496872,-0.1234124147,0
0.2476496872,-0.1234124147,0
0.2404289544,-0.1234221644,0
0.2404289544,-0.1234221644,0
0.2394995532,-0.1244036399,0
0.2394995532,-0.1244036399,0
0.244432529,-0.1283620409,0
0.244432529,-0.1283620409,0
0.251510277,-0.1234124147,0
0.251510277,-0.1234124147,0
0.2431456658,-0.1244036399,0
0.2431456658,-0.1244036399,0
0.2378552279,-0.1204582385,0
0.2378552279,-0.1204582385,0
0.24,-0.1224309392,0
0.24,-0.1224309392,0
0.2361394102,-0.121439714,0
0.2361394102,-0.121439714,0
0.2333512064,-0.1352908677,0
0.2333512064,-0.1352908677,0
0.2457193923,-0.1372635684,0
0.2457193923,-0.1372635684,0
0.2534405719,-0.1323171921,0
0.2534405719,-0.1323171921,0
0.2388561215,-0.1333084173,0
0.2388561215,-0.1333084173,0
0.2397855228,-0.1263893403,0
0.2397855228,-0.1263893403,0
0.2500089366,-0.125398115,0
0.2500089366,-0.125398115,0
0.2452904379,-0.1244036399,0
0.2452904379,-0.1244036399,0
0.2418588025,-0.1342996425,0
0.2418588025,-0.1342996425,0
0.244432529,-0.1313259669,0
0.244432529,-0.1313259669,0
0.254512958,-0.1323171921,0
0.254512958,-0.1323171921,0
0.2573011618,-0.1273708157,0
0.2573011618,-0.1273708157,0
0.2427167113,-0.1273805655,0
0.2427167113,-0.1273805655,0
0.2590169794,-0.1372538187,0
0.2590169794,-0.1372538187,0
0.2560142985,-0.1333084173,0
0.2560142985,-0.1333084173,0
0.2417158177,-0.1273805655,0
0.2417158177,-0.1273805655,0
0.2412153709,-0.1352908677,0
0.2412153709,-0.1352908677,0
0.2521537087,-0.1333084173,0
0.2521537087,-0.1333084173,0
0.2510813226,-0.1342898928,0
0.2510813226,-0.1342898928,0
0.2446470063,-0.1263893403,0
0.2446470063,-0.1263893403,0
0.2564432529,-0.135281118,0
0.2564432529,-0.135281118,0
0.2523681859,-0.1342898928,0
0.2523681859,-0.1342898928,0
0.2478641644,-0.1263893403,0
0.2478641644,-0.1263893403,0
0.2391420912,-0.1392362691,0
0.2391420912,-0.1392362691,0
0.2594459339,-0.1332986675,0
0.2594459339,-0.1332986675,0
0.261590706,-0.1273708157,0
0.261590706,-0.1273708157,0
0.2536550492,-0.1362723432,0
0.2536550492,-0.1362723432,0
0.2455049151,-0.1293532662,0
0.2455049151,-0.1293532662,0
0.2549419124,-0.1273708157,0
0.2549419124,-0.1273708157,0
0.2536550492,-0.135281118,0
0.2536550492,-0.135281118,0
0.2420732797,-0.1313357166,0
0.2420732797,-0.1313357166,0
0.2579445934,-0.135281118,0
0.2579445934,-0.135281118,0
0.2579445934,-0.1273708157,0
0.2579445934,-0.1273708157,0
0.2547274352,-0.1382450439,0
0.2547274352,-0.1382450439,0
0.2536550492,-0.1303347416,0
0.2536550492,-0.1303347416,0
0.262663092,-0.1412122197,0
0.262663092,-0.1412122197,0
0.2645218945,-0.1323074423,0
0.2645218945,-0.1323074423,0
0.2613762288,-0.1441761456,0
0.2613762288,-0.1441761456,0
0.2521537087,-0.1303347416,0
0.2521537087,-0.1303347416,0
0.2681680071,-0.1422034449,0
0.2681680071,-0.1422034449,0
0.2668811439,-0.1332986675,0
0.2668811439,-0.1332986675,0
0.2673815907,-0.1402177446,0
0.2673815907,-0.1402177446,0
0.2553708668,-0.1303347416,0
0.2553708668,-0.1303347416,0
0.2633065237,-0.1372538187,0
0.2633065237,-0.1372538187,0
0.2679535299,-0.1293435164,0
0.2679535299,-0.1293435164,0
0.2551563896,-0.1402274943,0
0.2551563896,-0.1402274943,0
0.2654512958,-0.1402177446,0
0.2654512958,-0.1402177446,0
0.2594459339,-0.135281118,0
0.2594459339,-0.135281118,0
0.2600893655,-0.1451673708,0
0.2600893655,-0.1451673708,0
0.262663092,-0.1323171921,0
0.262663092,-0.1323171921,0
0.2793208222,-0.1372538187,0
0.3124218052,-0.1421221969,1
0.2998391421,-0.1431134222,1
0.2998391421,-0.1431134222,1
0.3120643432,-0.1470620734,1
0.3120643432,-0.1470620734,1
0.3117783735,-0.1500162496,1
0.3117783735,-0.1500162496,1
0.3137086685,-0.1529801755,1
0.3137086685,-0.1529801755,1
0.3011260054,-0.1470620734,1
0.3011260054,-0.1470620734,1
0.3120643432,-0.1401494963,1
0.3120643432,-0.1401494963,1
0.3207864164,-0.1401397465,1
0.3207864164,-0.1401397465,1
0.3179982127,-0.1401397465,1
0.3179982127,-0.1401397465,1
0.3111349419,-0.1421221969,1
0.3111349419,-0.1421221969,1
0.3205719392,-0.1460708482,1
0.3205719392,-0.1460708482,1
0.3130652368,-0.1460708482,1
0.3130652368,-0.1460708482,1
0.3171403038,-0.1490347741,1
0.3171403038,-0.1490347741,1
0.3133512064,-0.1470620734,1
0.3133512064,-0.1470620734,1
0.3158534406,-0.1470523237,1
0.3158534406,-0.1470523237,1
0.3139231457,-0.1510074748,1
0.3139231457,-0.1510074748,1
0.3169258266,-0.153961651,1
0.3169258266,-0.153961651,1
0.3141376229,-0.1519889503,1
0.3141376229,-0.1519889503,1
0.3199285076,-0.153961651,1
0.3199285076,-0.153961651,1
0.3164968722,-0.1549528762,1
0.3164968722,-0.1549528762,1
0.3075603217,-0.1549528762,1
0.3075603217,-0.1549528762,1
0.3240035746,-0.1519889503,1
0.3240035746,-0.1519889503,1
0.316282395,-0.1529801755,1
0.316282395,-0.1529801755,1
0.3096336014,-0.1539714007,1
0.3096336014,-0.1539714007,1
0.3212153709,-0.153961651,1
0.3212153709,-0.153961651,1
0.3330116175,-0.1460610985,1
0.3330116175,-0.1460610985,1
0.3231456658,-0.153961651,1
0.3231456658,-0.153961651,1
0.3222877569,-0.1549528762,1
0.3222877569,-0.1549528762,1
0.3310813226,-0.1490250244,1
0.3310813226,-0.1490250244,1
0.3252904379,-0.1490250244,1
0.3252904379,-0.1490250244,1
0.3257193923,-0.1500162496,1
0.3257193923,-0.1500162496,1
0.3205719392,-0.1470523237,1
0.3205719392,-0.1470523237,1
0.3293655049,-0.1490250244,1
0.3293655049,-0.1490250244,1
0.3216443253,-0.1470523237,1
0.3216443253,-0.1470523237,1
0.3278641644,-0.1500162496,1
0.3278641644,-0.1500162496,1
0.3272207328,-0.1421156971,1
0.3272207328,-0.1421156971,1
0.3242180518,-0.1421156971,1
0.3242180518,-0.1421156971,1
0.3282216265,-0.1411309717,1
0.3282216265,-0.1411309717,1
0.3134941912,-0.145079623,1
0.3134941912,-0.145079623,1
0.330795353,-0.1529704257,1
0.330795353,-0.1529704257,1
0.3218588025,-0.1490250244,1
0.3928507596,-0.1569450764,2
0.3960679178,-0.1599090023,2
0.3960679178,-0.1599090023,2
0.3917783735,-0.1579363016,2
0.3917783735,-0.1579363016,2
0.3952100089,-0.1618947026,2
0.3952100089,-0.1618947026,2
0.3945665773,-0.1589177771,2
0.3945665773,-0.1589177771,2
0.3859874888,-0.1628859279,2
0.3859874888,-0.1628859279,2
0.403717605,-0.1529801755,2
0.403717605,-0.1529801755,2
0.3941376229,-0.1609034774,2
0.3941376229,-0.1609034774,2
0.3967113494,-0.1549626259,2
0.3967113494,-0.1549626259,2
0.3960679178,-0.1569450764,2
0.3960679178,-0.1569450764,2
0.413798034,-0.1480240494,2
0.413798034,-0.1480240494,2
0.3971403038,-0.1579265518,2
0.3971403038,-0.1579265518,2
0.3979267203,-0.1519889503,2
0.3979267203,-0.1519889503,2
0.3998570152,-0.1579265518,2
0.3998570152,-0.1579265518,2
0.4082216265,-0.1638771531,2
0.4082216265,-0.1638771531,2
0.3907059875,-0.1549626259,2
0.3907059875,-0.1549626259,2
0.4017873101,-0.1609034774,2
0.4017873101,-0.1609034774,2
0.4027167113,-0.1519889503,2
0.4027167113,-0.1519889503,2
0.4125111707,-0.1599090023,2
0.4125111707,-0.1599090023,2
0.3919928508,-0.1500064998,2
0.3919928508,-0.1500064998,2
0.4017873101,-0.1569353266,2
0.4017873101,-0.1569353266,2
0.4027167113,-0.1480240494,2
0.4027167113,-0.1480240494,2
0.4028596962,-0.1539714007,2
0.4028596962,-0.1539714007,2
0.3958534406,-0.1628859279,2
0.3958534406,-0.1628859279,2
0.4088650581,-0.1569353266,2
0.4088650581,-0.1569353266,2
0.4127256479,-0.1579265518,2
0.4127256479,-0.1579265518,2
0.4099374441,-0.1529704257,2
0.4099374441,-0.1529704257,2
0.3982126899,-0.1599090023,2
0.3982126899,-0.1599090023,2
0.4043610366,-0.1519889503,2
0.4043610366,-0.1519889503,2
0.4073637176,-0.1509977251,2
0.4073637176,-0.1509977251,2
0.3952100089,-0.1648683783,2
0.3952100089,-0.1648683783,2
0.4032886506,-0.1589177771,2
0.4032886506,-0.1589177771,2
0.4032886506,-0.1579265518,2
0.4032886506,-0.1579265518,2
0.4069347632,-0.1648683783,2
0.4069347632,-0.1648683783,2
0.3934941912,-0.1509977251,2
0.3934941912,-0.1509977251,2
0.4071492404,-0.1589177771,2
0.4071492404,-0.1589177771,2
0.4062913315,-0.1490152746,2
0.4062913315,-0.1490152746,2
0.4099374441,-0.1569353266,2
0.4099374441,-0.1569353266,2
0.4001429848,-0.1628859279,2
0.4001429848,-0.1628859279,2
0.417873101,-0.1480142996,2
0.560714924,-0.1746928827,3
0.5713672922,-0.1766558336,3
0.5713672922,-0.1766558336,3
0.5780160858,-0.1658303542,3
0.5780160858,-0.1658303542,3
0.5705093834,-0.1717387065,3
0.5705093834,-0.1717387065,3
0.5617873101,-0.1766558336,3
0.5617873101,-0.1766558336,3
0.5617873101,-0.1717387065,3
0.5617873101,-0.1717387065,3
0.5675067024,-0.1678030549,3
0.5675067024,-0.1678030549,3
0.5627882038,-0.1756743581,3
0.5627882038,-0.1756743581,3
0.5589276139,-0.1796132597,3
0.5589276139,-0.1796132597,3
0.5705093834,-0.1638576536,3
0.5705093834,-0.1638576536,3
0.5683646113,-0.1746928827,3
0.5683646113,-0.1746928827,3
0.5623592493,-0.1786317842,3
0.5623592493,-0.1786317842,3
0.5775871314,-0.1677933052,3
0.5775871314,-0.1677933052,3
0.5724396783,-0.1678030549,3
0.5724396783,-0.1678030549,3
0.5576407507,-0.1796132597,3
0.5576407507,-0.1796132597,3
0.575227882,-0.1786317842,3
0.575227882,-0.1786317842,3
0.5767292225,-0.1668118297,3
0.5767292225,-0.1668118297,3
0.5532082216,-0.1727299318,3
0.5532082216,-0.1727299318,3
0.5657908847,-0.1796132597,3
0.5657908847,-0.1796132597,3
0.5692225201,-0.1648488788,3
0.5692225201,-0.1648488788,3
0.5685790885,-0.1756743581,3
0.5685790885,-0.1756743581,3
0.5645040214,-0.1786317842,3
0.5645040214,-0.1786317842,3
0.575227882,-0.1648488788,3
0.575227882,-0.1648488788,3
0.567077748,-0.1707572311,3
0.567077748,-0.1707572311,3
0.5642895442,-0.172720182,3
0.5642895442,-0.172720182,3
0.5758713137,-0.1786317842,3
0.5758713137,-0.1786317842,3
0.5724396783,-0.1687845304,3
0.5724396783,-0.1687845304,3
0.5717962466,-0.1737016575,3
0.5717962466,-0.1737016575,3
0.5775871314,-0.177640559,3
0.5775871314,-0.177640559,3
0.5615013405,-0.1697660058,3
0.5615013405,-0.1697660058,3
0.5589276139,-0.1678030549,3
0.5589276139,-0.1678030549,3
0.5687935657,-0.1746928827,3
0.5687935657,-0.1746928827,3
0.5724396783,-0.1746831329,3
0.5724396783,-0.1746831329,3
0.5683646113,-0.1697660058,3
0.5683646113,-0.1697660058,3
0.5587846291,-0.1746928827,3
0.5587846291,-0.1746928827,3
0.5808042895,-0.1697660058,3
0.5808042895,-0.1697660058,3
0.5739410188,-0.1687845304,3
0.7558891868,-0.1814884628,4
0.7443074173,-0.1824894378,4
0.7443074173,-0.1824894378,4
0.7494548704,-0.182479688,4
0.7494548704,-0.182479688,4
0.764253798,-0.1864348391,4
0.764253798,-0.1864348391,4
0.7475245755,-0.1795125122,4
0.7475245755,-0.1795125122,4
0.7509562109,-0.1874260643,4
0.7509562109,-0.1874260643,4
0.7567470956,-0.189398765,4
0.7567470956,-0.189398765,4
0.7509562109,-0.1775398115,4
0.7509562109,-0.1775398115,4
0.7509562109,-0.182479688,4
0.7509562109,-0.182479688,4
0.7533154602,-0.178521287,4
0.7533154602,-0.178521287,4
0.7546023235,-0.1805069873,4
0.7546023235,-0.1805069873,4
0.742663092,-0.1814982125,4
0.742663092,-0.1814982125,4
0.7671849866,-0.182479688,4
0.7671849866,-0.182479688,4
0.7558891868,-0.1805069873,4
0.7558891868,-0.1805069873,4
0.7500983021,-0.1834709132,4
0.7500983021,-0.1834709132,4
0.7651117069,-0.1854436139,4
0.7651117069,-0.1854436139,4
0.7599642538,-0.178521287,4
0.7599642538,-0.178521287,4
0.7481680071,-0.1824894378,4
0.7481680071,-0.1824894378,4
0.7533154602,-0.1903899903,4
0.7533154602,-0.1903899903,4
0.7563181412,-0.1765485863,4
0.7563181412,-0.1765485863,4
0.7436639857,-0.1844621384,4
0.7436639857,-0.1844621384,4
0.760178731,-0.189398765,4
0.760178731,-0.189398765,4
0.7658981233,-0.1775300617,4
0.7658981233,-0.1775300617,4
0.7550312779,-0.1864348391,4
0.7550312779,-0.1864348391,4
0.7588918677,-0.189398765,4
0.7588918677,-0.189398765,4
0.7586773905,-0.1795125122,4
0.7586773905,-0.1795125122,4
0.7546023235,-0.1834709132,4
0.7546023235,-0.1834709132,4
0.7466666667,-0.1854533637,4
0.7466666667,-0.1854533637,4
0.7644682752,-0.1745661358,4
0.7644682752,-0.1745661358,4
0.7610366399,-0.1834709132,4
0.7610366399,-0.1834709132,4
0.7394459339,-0.1874260643,4
0.7394459339,-0.1874260643,4
0.7563181412,-0.1765485863,4
0.7563181412,-0.1765485863,4
0.7658981233,-0.1775300617,4
0.7658981233,-0.1775300617,4
0.760178731,-0.1834709132,4
0.760178731,-0.1834709132,4
0.7537444147,-0.1795125122,4
0.7537444147,-0.1795125122,4
0.7610366399,-0.1814884628,4
0.7610366399,-0.1814884628,4
0.7623235031,-0.182479688,4
0.810437891,-0.1839161521,5
0.7026273458,-0.1791355216,5
0.7565326184,-0.1791355216,5
0.7565326184,-0.1839161521,5
0.7026273458,-0.1839161521,5
0.810437891,-0.1791355216,5
0.7975692583,-0.1849658759,5
0.6924039321,-0.1800682483,5
0.7462377122,-0.1800682483,5
0.7462377122,-0.1849658759,5
0.6924039321,-0.1849658759,5
0.7975692583,-0.1800682483,5
0.8027167113,-0.1849658759,5
0.6975513852,-0.1800682483,5
0.7513851653,-0.1800682483,5
0.7513851653,-0.1849658759,5
0.6975513852,-0.1849658759,5
0.8027167113,-0.1800682483,5
0.8180875782,-0.1889340266,5
0.712922252,-0.1840331492,5
0.764253798,-0.1840331492,5
0.764253798,-0.1889340266,5
0.712922252,-0.1889340266,5
0.8180875782,-0.1840331492,5
0.8001429848,-0.1819337017,5
0.6949776586,-0.1771530712,5
0.7488114388,-0.1771530712,5
0.7488114388,-0.1819337017,5
0.6949776586,-0.1819337017,5
0.8001429848,-0.1771530712,5
0.8052904379,-0.1898667533,5
0.6975513852,-0.1850828729,5
0.7513851653,-0.1850828729,5
0.7513851653,-0.1898667533,5
0.6975513852,-0.1898667533,5
0.8052904379,-0.1850828729,5
0.810437891,-0.1918492038,5
0.7052010724,-0.1870653234,5
0.7565326184,-0.1870653234,5
0.7565326184,-0.1918492038,5
0.7052010724,-0.1918492038,5
0.810437891,-0.1870653234,5
0.8052904379,-0.1799512512,5
0.6975513852,-0.1751706207,5
0.7513851653,-0.1751706207,5
0.7513851653,-0.1799512512,5
0.6975513852,-0.1799512512,5
0.8052904379,-0.1751706207,5
0.8052904379,-0.1849658759,5
0.6975513852,-0.1800682483,5
0.7513851653,-0.1800682483,5
0.7513851653,-0.1849658759,5
0.6975513852,-0.1849658759,5
0.8052904379,-0.1800682483,5
0.8078641644,-0.181000975,5
0.7000536193,-0.1761033474,5
0.7539588919,-0.1761033474,5
0.7539588919,-0.181000975,5
0.7000536193,-0.181000975,5
0.8078641644,-0.1761033474,5
0.8078641644,-0.1829834254,5
0.7026273458,-0.1780857979,5
0.7565326184,-0.1780857979,5
0.7565326184,-0.1829834254,5
0.7026273458,-0.1829834254,5
0.8078641644,-0.1780857979,5
0.7975692583,-0.1839161521,5
0.6898302055,-0.1791355216,5
0.7436639857,-0.1791355216,5
0.7436639857,-0.1839161521,5
0.6898302055,-0.1839161521,5
0.7975692583,-0.1791355216,5
0.8206613047,-0.1849658759,5
0.7154959786,-0.1800682483,5
0.7667560322,-0.1800682483,5
0.7667560322,-0.1849658759,5
0.7154959786,-0.1849658759,5
0.8206613047,-0.1800682483,5
0.810437891,-0.1829834254,5
0.7026273458,-0.1780857979,5
0.7565326184,-0.1780857979,5
0.7565326184,-0.1829834254,5
0.7026273458,-0.1829834254,5
0.810437891,-0.1780857979,5
0.8027167113,-0.1858986025,5
0.6975513852,-0.1811179721,5
0.7513851653,-0.1811179721,5
0.7513851653,-0.1858986025,5
0.6975513852,-0.1858986025,5
0.8027167113,-0.1811179721,5
0.8180875782,-0.187881053,5
0.712922252,-0.1831004225,5
0.7667560322,-0.1831004225,5
0.7667560322,-0.187881053,5
0.712922252,-0.187881053,5
0.8180875782,-0.1831004225,5
0.8130116175,-0.181000975,5
0.7077747989,-0.1761033474,5
0.7616800715,-0.1761033474,5
0.7616800715,-0.181000975,5
0.7077747989,-0.181000975,5
0.8130116175,-0.1761033474,5
0.8027167113,-0.1849658759,5
0.6949776586,-0.1800682483,5
0.7488114388,-0.1800682483,5
0.7488114388,-0.1849658759,5
0.6949776586,-0.1849658759,5
0.8027167113,-0.1800682483,5
0.8078641644,-0.1928989275,5
0.7000536193,-0.18799805,5
0.7539588919,-0.18799805,5
0.7539588919,-0.1928989275,5
0.7000536193,-0.1928989275,5
0.8078641644,-0.18799805,5
0.810437891,-0.1790185245,5
0.7026273458,-0.174120897,5
0.7565326184,-0.174120897,5
0.7565326184,-0.1790185245,5
0.7026273458,-0.1790185245,5
0.810437891,-0.174120897,5
0.7975692583,-0.1869483263,5
0.6924039321,-0.1820506987,5
0.7436639857,-0.1820506987,5
0.7436639857,-0.1869483263,5
0.6924039321,-0.1869483263,5
0.7975692583,-0.1820506987,5
0.8130116175,-0.1918492038,5
0.7077747989,-0.1870653234,5
0.7616800715,-0.1870653234,5
0.7616800715,-0.1918492038,5
0.7077747989,-0.1918492038,5
0.8130116175,-0.1870653234,5
0.8206613047,-0.1799512512,5
0.712922252,-0.1751706207,5
0.7667560322,-0.1751706207,5
0.7667560322,-0.1799512512,5
0.712922252,-0.1799512512,5
0.8206613047,-0.1751706207,5
0.8078641644,-0.1889340266,5
0.7026273458,-0.1840331492,5
0.7565326184,-0.1840331492,5
0.7565326184,-0.1889340266,5
0.7026273458,-0.1889340266,5
0.8078641644,-0.1840331492,5
0.8130116175,-0.1918492038,5
0.7077747989,-0.1870653234,5
0.759106345,-0.1870653234,5
0.759106345,-0.1918492038,5
0.7077747989,-0.1918492038,5
0.8130116175,-0.1870653234,5
0.8130116175,-0.1819337017,5
0.7052010724,-0.1771530712,5
0.759106345,-0.1771530712,5
0.759106345,-0.1819337017,5
0.7052010724,-0.1819337017,5
0.8130116175,-0.1771530712,5
0.8078641644,-0.1858986025,5
0.7026273458,-0.1811179721,5
0.7565326184,-0.1811179721,5
0.7565326184,-0.1858986025,5
0.7026273458,-0.1858986025,5
0.8078641644,-0.1811179721,5
0.8001429848,-0.187881053,5
0.6949776586,-0.1831004225,5
0.7462377122,-0.1831004225,5
0.7462377122,-0.187881053,5
0.6949776586,-0.187881053,5
0.8001429848,-0.1831004225,5
0.8180875782,-0.1770360741,5
0.712922252,-0.1721384465,5
0.764253798,-0.1721384465,5
0.764253798,-0.1770360741,5
0.712922252,-0.1770360741,5
0.8180875782,-0.1721384465,5
0.8155853441,-0.1858986025,5
0.7077747989,-0.1811179721,5
0.7616800715,-0.1811179721,5
0.7616800715,-0.1858986025,5
0.7077747989,-0.1858986025,5
0.8155853441,-0.1811179721,5
0.7924218052,-0.1899837504,5
0.687256479,-0.1850828729,5
0.7410902592,-0.1850828729,5
0.7410902592,-0.1899837504,5
0.687256479,-0.1899837504,5
0.7924218052,-0.1850828729,5
0.810437891,-0.1790185245,5
0.7052010724,-0.174120897,5
0.7565326184,-0.174120897,5
0.7565326184,-0.1790185245,5
0.7052010724,-0.1790185245,5
0.810437891,-0.174120897,5
0.8206613047,-0.1799512512,5
0.712922252,-0.1751706207,5
0.7667560322,-0.1751706207,5
0.7667560322,-0.1799512512,5
0.712922252,-0.1799512512,5
0.8206613047,-0.1751706207,5
0.8130116175,-0.1858986025,5
0.7077747989,-0.1811179721,5
0.7616800715,-0.1811179721,5
0.7616800715,-0.1858986025,5
0.7077747989,-0.1858986025,5
0.8130116175,-0.1811179721,5
0.8078641644,-0.1819337017,5
0.7026273458,-0.1771530712,5
0.7539588919,-0.1771530712,5
0.7539588919,-0.1819337017,5
0.7026273458,-0.1819337017,5
0.8078641644,-0.1771530712,5
0.8155853441,-0.1839161521,5
0.7077747989,-0.1791355216,5
0.7616800715,-0.1791355216,5
0.7616800715,-0.1839161521,5
0.7077747989,-0.1839161521,5
0.8155853441,-0.1791355216,5
0.8155853441,-0.1849658759,5
0.7103485255,-0.1800682483,5
0.7616800715,-0.1800682483,5
0.7616800715,-0.1849658759,5
0.7103485255,-0.1849658759,5
0.8155853441,-0.1800682483,5
0.941054513,-0.1854533637,6
0.9374084004,-0.1864445889,6
0.9374084004,-0.1864445889,6
0.9423413762,-0.1913812155,6
0.9423413762,-0.1913812155,6
0.9489901698,-0.1973025674,6
0.9489901698,-0.1973025674,6
0.9329043789,-0.1884172896,6
0.9329043789,-0.1884172896,6
0.9361215371,-0.1844718882,6
0.9361215371,-0.1844718882,6
0.9506344951,-0.1913812155,6
0.9506344951,-0.1913812155,6
0.9399821269,-0.1844718882,6
0.9399821269,-0.1844718882,6
0.9412689902,-0.1874358141,6
0.9412689902,-0.1874358141,6
0.9447006256,-0.1844718882,6
0.9447006256,-0.1844718882,6
0.9449151028,-0.1943451414,6
0.9449151028,-0.1943451414,6
0.9369794459,-0.1824991875,6
0.9369794459,-0.1824991875,6
0.9530652368,-0.196321092,6
0.9530652368,-0.196321092,6
0.9459874888,-0.183480663,6
0.9459874888,-0.183480663,6
0.9314030384,-0.1943451414,6
0.9314030384,-0.1943451414,6
0.9431992851,-0.1884172896,6
0.9431992851,-0.1884172896,6
0.9511349419,-0.196321092,6
0.9511349419,-0.196321092,6
0.9320464701,-0.1864445889,6
0.9320464701,-0.1864445889,6
0.9511349419,-0.189398765,6
0.9511349419,-0.189398765,6
0.9589991063,-0.1864348391,6
0.9589991063,-0.1864348391,6
0.9341912422,-0.1854631134,6
0.9341912422,-0.1854631134,6
0.9423413762,-0.1903899903,6
0.9423413762,-0.1903899903,6
0.9414834674,-0.1903899903,6
0.9414834674,-0.1903899903,6
0.9499910634,-0.1923626909,6
0.9499910634,-0.1923626909,6
0.9361215371,-0.1864445889,6
0.9361215371,-0.1864445889,6
0.9547095621,-0.1913714657,6
0.9547095621,-0.1913714657,6
0.9483467382,-0.1844718882,6
0.9483467382,-0.1844718882,6
0.9369794459,-0.1933539162,6
0.9369794459,-0.1933539162,6
0.9453440572,-0.1844718882,6
0.9453440572,-0.1844718882,6
0.9537086685,-0.1963080923,6
0.9537086685,-0.1963080923,6
0.9459874888,-0.1854533637,6
0.9459874888,-0.1854533637,6
0.9382663092,-0.1953266168,6
0.9382663092,-0.1953266168,6
0.9499910634,-0.1903899903,6
0.9499910634,-0.1903899903,6
0.9485612154,-0.1864445889,6
0.9485612154,-0.1864445889,6
0.9365504915,-0.1884172896,6
0.9365504915,-0.1884172896,6
0.9401966041,-0.1953266168,6
0.9401966041,-0.1953266168,6
0.9553529937,-0.1913714657,6
0.9553529937,-0.1913714657,6
0.9521358356,-0.1884172896,6
1.450795353,-0.2001299968,7
1.4374977659,-0.2100324992,7
1.4374977659,-0.2100324992,7
1.4565862377,-0.2070588235,7
1.4565862377,-0.2070588235,7
1.4559428061,-0.2001299968,7
1.4559428061,-0.2001299968,7
1.4392135836,-0.2110237244,7
1.4392135836,-0.2110237244,7
1.4593029491,-0.2021026974,7
1.4593029491,-0.2021026974,7
1.4556568365,-0.1971563211,7
1.4556568365,-0.1971563211,7
1.4462913315,-0.209041274,7
1.4462913315,-0.209041274,7
1.4610187668,-0.2021026974,7
1.4610187668,-0.2021026974,7
1.4726005362,-0.1981377966,7
1.4726005362,-0.1981377966,7
1.4706702413,-0.2120084498,7
1.4706702413,-0.2120084498,7
1.4573726542,-0.1981475463,7
1.4573726542,-0.1981475463,7
1.4700268097,-0.1931881703,7
1.4700268097,-0.1931881703,7
1.4648793566,-0.2021026974,7
1.4648793566,-0.2021026974,7
1.4584450402,-0.1981475463,7
1.4584450402,-0.1981475463,7
1.4706702413,-0.2100227494,7
1.4706702413,-0.2100227494,7
1.4819660411,-0.2030939227,7
1.4819660411,-0.2030939227,7
1.4762466488,-0.1971433214,7
1.4762466488,-0.1971433214,7
1.4706702413,-0.208040299,7
1.4706702413,-0.208040299,7
1.4817515639,-0.200120247,7
1.4817515639,-0.200120247,7
1.4851831993,-0.1961520962,7
1.4851831993,-0.1961520962,7
1.4736729223,-0.2030939227,7
1.4736729223,-0.2030939227,7
1.4800357462,-0.2021026974,7
1.4800357462,-0.2021026974,7
1.4896872207,-0.2040753981,7
1.4896872207,-0.2040753981,7
1.483896336,-0.2050666233,7
1.483896336,-0.2050666233,7
1.479821269,-0.1951641209,7
1.479821269,-0.1951641209,7
1.4974084004,-0.2110042249,7
1.4974084004,-0.2110042249,7
1.4929043789,-0.2040753981,7
1.4929043789,-0.2040753981,7
1.4881858803,-0.1961520962,7
1.4881858803,-0.1961520962,7
1.5007685433,-0.2100129997,7
1.5007685433,-0.2100129997,7
1.5078462913,-0.2020929477,7
1.5078462913,-0.2020929477,7
1.4896872207,-0.1941728957,7
1.4896872207,-0.1941728957,7
1.5078462913,-0.2060480988,7
1.5078462913,-0.2060480988,7
1.519642538,-0.2020831979,7
1.519642538,-0.2020831979,7
1.5104200179,-0.1971368216,7
1.5104200179,-0.1971368216,7
1.5020554066,-0.2030841729,7
1.5020554066,-0.2030841729,7
1.5142806077,-0.1941631459,7
1.5142806077,-0.1941631459,7
1.5211438785,-0.2090217745,7
1.4518677391,-0.1975625609,8
1.4518677391,-0.2024601885,8
1.3979624665,-0.2000129997,8
1.5057015192,-0.2000129997,8
1.4389991063,-0.207478063,8
1.4389991063,-0.2123756906,8
1.3851653262,-0.2099252519,8
1.4929043789,-0.2099252519,8
1.4569436997,-0.2045628859,8
1.4569436997,-0.2094605135,8
1.4031099196,-0.2070100747,8
1.5108489723,-0.2070100747,8
1.4569436997,-0.1975625609,8
1.4569436997,-0.2024601885,8
1.4031099196,-0.2000129997,8
1.5108489723,-0.2000129997,8
1.4415728329,-0.2085277868,8
1.4415728329,-0.2134254144,8
1.3876675603,-0.2109749756,8
1.4929043789,-0.2109749756,8
1.4595174263,-0.1995450114,8
1.4595174263,-0.2044458889,8
1.4056121537,-0.2019954501,8
1.5134226988,-0.2019954501,8
1.4569436997,-0.1946473838,8
1.4569436997,-0.1995450114,8
1.4031099196,-0.1970978226,8
1.5108489723,-0.1970978226,8
1.446720286,-0.2065453364,8
1.446720286,-0.2114429639,8
1.3928150134,-0.2089925252,8
1.5006255585,-0.2089925252,8
1.4620911528,-0.1995450114,8
1.4620911528,-0.2044458889,8
1.4081858803,-0.2019954501,8
1.5159964254,-0.2019954501,8
1.472386059,-0.1955801105,8
1.472386059,-0.2004777381,8
1.421054513,-0.1980305492,8
1.5262913315,-0.1980305492,8
1.472386059,-0.2094605135,8
1.472386059,-0.214358141,8
1.4184807864,-0.2119077023,8
1.5262913315,-0.2119077023,8
1.4595174263,-0.1955801105,8
1.4595174263,-0.2004777381,8
1.4056121537,-0.1980305492,8
1.5108489723,-0.1980305492,8
1.4698123324,-0.1906824829,8
1.4698123324,-0.1955801105,8
1.4184807864,-0.1931296718,8
1.523717605,-0.1931296718,8
1.4646648794,-0.1995450114,8
1.4646648794,-0.2044458889,8
1.4133333333,-0.2019954501,8
1.5185701519,-0.2019954501,8
1.4595174263,-0.1955801105,8
1.4595174263,-0.2004777381,8
1.4056121537,-0.1980305492,8
1.5134226988,-0.1980305492,8
1.472386059,-0.207478063,8
1.472386059,-0.2123756906,8
1.4184807864,-0.2099252519,8
1.523717605,-0.2099252519,8
1.4826094727,-0.2005947351,8
1.4826094727,-0.2054956126,8
1.4287042002,-0.2030451739,8
1.5365147453,-0.2030451739,8
1.4774620197,-0.1946473838,8
1.4774620197,-0.1995450114,8
1.4236282395,-0.1970978226,8
1.5313672922,-0.1970978226,8
1.472386059,-0.2054956126,8
1.472386059,-0.2103932402,8
1.4184807864,-0.2079428014,8
1.523717605,-0.2079428014,8
1.4826094727,-0.1975625609,8
1.4826094727,-0.2024601885,8
1.4287042002,-0.2000129997,8
1.5365147453,-0.2000129997,8
1.4851831993,-0.1935976601,8
1.4851831993,-0.1984952876,8
1.4312779267,-0.1960480988,8
1.5390884718,-0.1960480988,8
1.4749597855,-0.2005947351,8
1.4749597855,-0.2054956126,8
1.421054513,-0.2030451739,8
1.5287935657,-0.2030451739,8
1.4800357462,-0.1995450114,8
1.4800357462,-0.2044458889,8
1.4287042002,-0.2019954501,8
1.5339410188,-0.2019954501,8
1.4903306524,-0.2015274618,8
1.4903306524,-0.2064283393,8
1.4364253798,-0.2039779006,8
1.5442359249,-0.2039779006,8
1.4851831993,-0.2025771856,8
1.4851831993,-0.207478063,8
1.4312779267,-0.2050276243,8
1.5390884718,-0.2050276243,8
1.4800357462,-0.1926649334,8
1.4800357462,-0.1975625609,8
1.426201966,-0.1951121222,8
1.5339410188,-0.1951121222,8
1.498051832,-0.2085277868,8
1.498051832,-0.2133084173,8
1.4441465594,-0.2109749756,8
1.5518856122,-0.2109749756,8
1.4929043789,-0.2015274618,8
1.4929043789,-0.2064283393,8
1.4389991063,-0.2039779006,8
1.5468096515,-0.2039779006,8
1.4877569258,-0.1935976601,8
1.4877569258,-0.1984952876,8
1.4364253798,-0.1960480988,8
1.5416621984,-0.1960480988,8
1.5006255585,-0.207478063,8
1.5006255585,-0.2123756906,8
1.446720286,-0.2099252519,8
1.5544593387,-0.2099252519,8
1.5082752458,-0.1995450114,8
1.5082752458,-0.2044458889,8
1.4543699732,-0.2019954501,8
1.5621805183,-0.2019954501,8
1.4903306524,-0.1916152096,8
1.4903306524,-0.1965128372,8
1.4364253798,-0.1940623984,8
1.5442359249,-0.1940623984,8
1.5082752458,-0.2035099123,8
1.5082752458,-0.2084107897,8
1.4543699732,-0.205960351,8
1.5621805183,-0.205960351,8
1.5211438785,-0.1995450114,8
1.5211438785,-0.2044458889,8
1.4672386059,-0.2019954501,8
1.5724039321,-0.2019954501,8
1.5108489723,-0.1946473838,8
1.5108489723,-0.1995450114,8
1.4569436997,-0.1970978226,8
1.5647542449,-0.1970978226,8
1.5031277927,-0.2005947351,8
1.5031277927,-0.2054956126,8
1.4492940125,-0.2030451739,8
1.5570330652,-0.2030451739,8
1.5159964254,-0.1916152096,8
1.5159964254,-0.1965128372,8
1.4620911528,-0.1940623984,8
1.567256479,-0.1940623984,8
1.5211438785,-0.2065453364,8
1.5211438785,-0.2113259669,8
1.4672386059,-0.2089925252,8
1.5749776586,-0.2089925252,8
1.6361751564,-0.2098895028,9
1.6359606792,-0.1971075723,9
1.6359606792,-0.1971075723,9
1.6634852547,-0.2020051999,9
1.6634852547,-0.2020051999,9
1.658409294,-0.204959376,9
1.658409294,-0.204959376,9
1.6515460232,-0.2010334742,9
1.6515460232,-0.2010334742,9
1.684432529,-0.2088852779,9
1.684432529,-0.2088852779,9
1.6861483467,-0.2010139747,9
1.6861483467,-0.2010139747,9
1.6793565684,-0.2010237244,9
1.6793565684,-0.2010237244,9
1.6960142985,-0.2019954501,9
1.6960142985,-0.2019954501,9
1.6977301162,-0.1980695483,9
1.6977301162,-0.1980695483,9
1.6860053619,-0.2010139747,9
1.6860053619,-0.2010139747,9
1.7167470956,-0.2010042249,9
1.7167470956,-0.2010042249,9
1.7150312779,-0.1980597985,9
1.7150312779,-0.1980597985,9
1.7100983021,-0.2088755281,9
1.7100983021,-0.2088755281,9
1.7271849866,-0.199041274,9
1.7271849866,-0.199041274,9
1.7301876676,-0.2088690283,9
1.7301876676,-0.2088690283,9
1.7271849866,-0.2098472538,9
1.7271849866,-0.2098472538,9
1.7331903485,-0.1980500487,9
1.7331903485,-0.1980500487,9
1.7717247542,-0.2029574261,9
1.7717247542,-0.2029574261,9
1.7800178731,-0.2029476763,9
1.7800178731,-0.2029476763,9
1.7795889187,-0.2000032499,9
1.7795889187,-0.2000032499,9
1.8209115282,-0.2078550536,9
1.8209115282,-0.2078550536,9
1.8244861483,-0.2049008775,9
1.8244861483,-0.2049008775,9
1.821054513,-0.2058921027,9
1.821054513,-0.2058921027,9
1.8542269884,-0.2009652259,9
1.8542269884,-0.2009652259,9
1.8760321716,-0.2019369516,9
1.8760321716,-0.2019369516,9
1.8922609473,-0.2127429314,9
1.8922609473,-0.2127429314,9
1.8846112601,-0.2038999025,9
1.8846112601,-0.2038999025,9
1.9243610366,-0.1979915502,9
1.9243610366,-0.1979915502,9
1.9410187668,-0.2097790055,9
1.9410187668,-0.2097790055,9
1.9356568365,-0.2009359766,9
1.9356568365,-0.2009359766,9
1.9699016979,-0.2087877803,9
1.9699016979,-0.2087877803,9
2.0158713137,-0.2028696783,9
2.0158713137,-0.2028696783,9
2.0594816801,-0.1959798505,9
2.0594816801,-0.1959798505,9
2.0821447721,-0.2087520312,9
2.0821447721,-0.2087520312,9
2.0744235925,-0.2028501787,9
2.0744235925,-0.2028501787,9
2.1182484361,-0.1989047774,9
2.1182484361,-0.1989047774,9
2.1441286863,-0.2057751056,9
2.1441286863,-0.2057751056,9
2.1882394996,-0.2008482288,9
2.1958891868,-0.2087097823,10
2.2155495979,-0.2047448814,10
2.2155495979,-0.2047448814,10
2.2606613047,-0.1987975301,10
2.2606613047,-0.1987975301,10
2.3040571939,-0.2096620084,10
2.3040571939,-0.2096620084,10
2.356461126,-0.2027234319,10
2.356461126,-0.2027234319,10
2.4054334227,-0.2056711082,10
2.4054334227,-0.2056711082,10
2.4363896336,-0.2066493338,10
2.4363896336,-0.2066493338,10
2.4978016086,-0.1967370816,10
2.4978016086,-0.1967370816,10
2.5416264522,-0.2105687358,10
2.5416264522,-0.2105687358,10
2.5837354781,-0.2016542086,10
2.5837354781,-0.2016542086,10
2.6352815013,-0.1947156321,10
2.6352815013,-0.1947156321,10
2.6825379803,-0.2055833604,10
2.6825379803,-0.2055833604,10
2.7235746202,-0.2025966851,10
2.7235746202,-0.2025966851,10
2.7682573727,-0.208518037,10
2.7682573727,-0.208518037,10
2.8133690795,-0.2055346116,10
2.8133690795,-0.2055346116,10
2.8584807864,-0.1976113097,10
2.8584807864,-0.1976113097,10
2.9070241287,-0.2114332142,10
2.9070241287,-0.2114332142,10
2.9728686327,-0.2035001625,10
2.9728686327,-0.2035001625,10
3.0104736372,-0.1985440364,10
3.0104736372,-0.1985440364,10
3.0663092046,-0.2094020149,10
3.0663092046,-0.2094020149,10
3.1028418231,-0.201478713,10
3.1028418231,-0.201478713,10
3.1464521895,-0.2093727657,10
3.1464521895,-0.2093727657,10
3.2001429848,-0.2063893403,10
3.2001429848,-0.2063893403,10
3.2463270777,-0.1994605135,10
3.2463270777,-0.1994605135,10
3.2826452189,-0.2152616185,10
3.2826452189,-0.2152616185,10
3.3337622878,-0.2073318167,10
3.3337622878,-0.2073318167,10
3.3840214477,-0.2053396165,10
3.3840214477,-0.2053396165,10
3.4398570152,-0.212239194,10
3.4398570152,-0.212239194,10
3.4725290438,-0.2033376666,10
3.4725290438,-0.2033376666,10
3.5172117962,-0.2161748456,10
3.5172117962,-0.2161748456,10
3.5758355675,-0.2092362691,10
3.5758355675,-0.2092362691,10
3.6224486148,-0.2032889178,10
3.6224486148,-0.2032889178,10
3.6619839142,-0.2121709457,10
3.6619839142,-0.2121709457,10
3.697873101,-0.2091875203,10
3.697873101,-0.2091875203,10
3.741769437,-0.2091777706,10
3.741769437,-0.2091777706,10
3.7951742627,-0.2121221969,10
3.7951742627,-0.2121221969,10
3.8516532618,-0.2061748456,10
3.8516532618,-0.2061748456,10
3.8875424486,-0.2209879753,10
3.8875424486,-0.2209879753,10
3.9365147453,-0.2150373741,10
3.9365147453,-0.2150373741,10
3.9792672029,-0.2071173221,10
3.9792672029,-0.2071173221,10
4.0222341376,-0.2219402015,10
4.0222341376,-0.2219402015,10
4.0784986595,-0.2149886253,10
4.0784986595,-0.2149886253,10
4.1212511171,-0.2209099773,10
4.1212511171,-0.2209099773,10
4.1706523682,-0.2149626259,10
4.1706523682,-0.2149626259,10
4.2054691689,-0.2090217745,10
4.2054691689,-0.2090217745,10
4.2516532618,-0.2228436789,10
4.2516532618,-0.2228436789,10
4.2935478105,-0.2168963276,10
4.2935478105,-0.2168963276,10
4.3301519214,-0.220841729,10
4.3301519214,-0.220841729,10
4.3972832887,-0.2208222294,10
4.3972832887,-0.2208222294,10
4.4338159071,-0.2119077023,10
4.4338159071,-0.2119077023,10
4.4731367292,-0.2207929802,10
4.4731367292,-0.2207929802,10
4.5215370867,-0.2178095548,10
4.5215370867,-0.2178095548,10
4.5621447721,-0.2128534287,10
4.5621447721,-0.2128534287,10
4.6230563003,-0.2217354566,10
4.6230563003,-0.2217354566,10
4.672028597,-0.2138056549,10
4.672028597,-0.2138056549,10
4.7154244861,-0.223678908,10
4.7154244861,-0.223678908,10
4.7543163539,-0.2206954826,10
4.7543163539,-0.2206954826,10
4.79256479,-0.2147578811,10
4.79256479,-0.2147578811,10
4.8436818588,-0.223639909,10
4.8436818588,-0.223639909,10
4.8926541555,-0.2186740331,10
4.8926541555,-0.2186740331,10
4.9399106345,-0.2255833604,10
4.9399106345,-0.2255833604,10
4.9895263628,-0.2196360091,10
4.9895263628,-0.2196360091,10
5.028847185,-0.2166525837,10
5.028847185,-0.2166525837,10
5.084253798,-0.2285017875,10
5.084253798,-0.2285017875,10
5.1154244861,-0.2215697108,10
5.1154244861,-0.2215697108,10
5.1628954424,-0.2175950601,10
5.1628954424,-0.2175950601,10
5.2251653262,-0.222521937,10
5.2251653262,-0.222521937,10
5.2552636282,-0.2205297368,10
5.2552636282,-0.2205297368,10
5.3095978552,-0.2303964901,10
5.3095978552,-0.2303964901,10
5.3523503128,-0.2254371141,10
5.3523503128,-0.2254371141,10
5.3963896336,-0.2175170621,10
5.3963896336,-0.2175170621,10
5.4395710456,-0.2283847904,10
5.4395710456,-0.2283847904,10
5.4874709562,-0.2204517387,10
5.4874709562,-0.2204517387,10
5.538588025,-0.2313097173,10
5.538588025,-0.2313097173,10
5.5927077748,-0.2233864153,10
5.5927077748,-0.2233864153,10
5.6281680071,-0.2194215145,10
5.6281680071,-0.2194215145,10
5.6767113494,-0.2292882678,10
5.6767113494,-0.2292882678,10
5.7192493298,-0.2223561911,10
5.7192493298,-0.2223561911,10
5.7567113494,-0.2302502437,10
5.7567113494,-0.2302502437,10
5.8090437891,-0.2272668183,10
5.8090437891,-0.2272668183,10
5.8648793566,-0.2193337667,10
5.8648793566,-0.2193337667,10
5.9003395889,-0.2331654209,10
5.9003395889,-0.2331654209,10
5.9591778374,-0.2242508937,10
5.9591778374,-0.2242508937,10
6.0106523682,-0.2212707182,10
6.0106523682,-0.2212707182,10
6.0284539768,-0.22719857,10
6.0284539768,-0.22719857,10
6.0788561215,-0.2222326942,10
6.0788561215,-0.2222326942,10
6.1409115282,-0.2311049724,10
6.1409115282,-0.2311049724,10
6.1577837355,-0.2281410465,10
6.1577837355,-0.2281410465,10
6.2182663092,-0.2192167696,10
6.2182663092,-0.2192167696,10
6.2798927614,-0.2340298993,10
6.2798927614,-0.2340298993,10
6.3119213584,-0.2290737732,10
6.3119213584,-0.2290737732,10
6.3478820375,-0.2349918752,10
6.3478820375,-0.2349918752,10
6.4002859696,-0.2290445239,10
6.4002859696,-0.2290445239,10
6.4481143878,-0.2240883978,10
6.4481143878,-0.2240883978,10
6.4806434316,-0.2359343516,10
6.4806434316,-0.2359343516,10
6.5394101877,-0.2260318492,10
6.5394101877,-0.2260318492,10
6.584950849,-0.224039649,10
6.584950849,-0.224039649,10
6.6151206434,-0.2309489763,10
6.6151206434,-0.2309489763,10
6.6718141197,-0.2240103997,10
6.6718141197,-0.2240103997,10
6.7254334227,-0.2368508287,10
6.7254334227,-0.2368508287,10
6.7602502234,-0.2318914527,10
6.7602502234,-0.2318914527,10
6.7987846291,-0.2298992525,10
6.7987846291,-0.2298992525,10
6.8460411081,-0.2328534287,10
6.8460411081,-0.2328534287,10
6.8965147453,-0.2278875528,10
6.8965147453,-0.2278875528,10
6.941411975,-0.2367695808,10
6.941411975,-0.2367695808,10
6.981590706,-0.2328079298,10
6.981590706,-0.2328079298,10
7.0437890974,-0.2248748781,10
7.0437890974,-0.2248748781,10
7.066023235,-0.2387065323,10
7.066023235,-0.2387065323,10
7.1177837355,-0.2278193045,10
7.1177837355,-0.2278193045,10
7.1684718499,-0.2386772831,10
7.1684718499,-0.2386772831,10
7.2193744415,-0.2347026324,10
7.2193744415,-0.2347026324,10
7.2460411081,-0.2277705557,10
7.2460411081,-0.2277705557,10
7.2971581769,-0.2415924602,10
7.2971581769,-0.2415924602,10
7.3549240393,-0.2297140071,10
7.3549240393,-0.2297140071,10
7.3841644325,-0.2376178096,10
7.3841644325,-0.2376178096,10
7.4538695264,-0.2336301592,10
7.4538695264,-0.2336301592,10
7.4959785523,-0.231641209,10
7.4959785523,-0.231641209,10
7.5300089366,-0.2336139097,10
7.5300089366,-0.2336139097,10
7.5821983914,-0.229639259,10
7.5821983914,-0.229639259,10
7.6264521895,-0.2355573611,10
7.6264521895,-0.2355573611,10
7.6653440572,-0.2394930127,10
7.6653440572,-0.2394930127,10
7.708310992,-0.2315697108,10
7.708310992,-0.2315697108,10
7.7620017873,-0.2444101397,10
7.7620017873,-0.2444101397,10
7.8049687221,-0.2384627884,10
7.8049687221,-0.2384627884,10
7.8353529937,-0.2344978876,10
7.8353529937,-0.2344978876,10
7.8889722967,-0.2413974651,10
7.8889722967,-0.2413974651,10
7.9448078642,-0.2344588885,10
7.9448078642,-0.2344588885,10
7.9785522788,-0.235440364,10
7.9785522788,-0.235440364,10
8.036103664,-0.2393662658,10
8.036103664,-0.2393662658,10
8.0728507596,-0.2344198895,10
8.0728507596,-0.2344198895,10
8.1455585344,-0.2442736432,10
8.1455585344,-0.2442736432,10
8.1658623771,-0.2363633409,10
8.1658623771,-0.2363633409,10
8.2274173369,-0.2462300942,10
8.2274173369,-0.2462300942,10
8.2806791778,-0.2422521937,10
8.2806791778,-0.2422521937,10
8.3076318141,-0.2353233669,10
8.3076318141,-0.2353233669,10
8.3508132261,-0.2442053949,10
8.3508132261,-0.2442053949,10
8.4025737265,-0.2392492688,10
8.4025737265,-0.2392492688,10
8.4474709562,-0.2421936952,10
8.4474709562,-0.2421936952,10
8.4927971403,-0.2441566461,10
8.4927971403,-0.2441566461,10
8.5355495979,-0.2382092948,10
8.5355495979,-0.2382092948,10
8.5958176944,-0.2500584985,10
8.5958176944,-0.2500584985,10
8.6199821269,-0.2411537212,10
8.6199821269,-0.2411537212,10
8.6747453083,-0.2520116997,10
8.6747453083,-0.2520116997,10
8.7461662198,-0.244081898,10
8.7461662198,-0.244081898,10
8.7829133155,-0.2410952226,10
8.7829133155,-0.2410952226,10
8.810080429,-0.2499902502,10
8.810080429,-0.2499902502,10
8.8618409294,-0.2440428989,10
8.8618409294,-0.2440428989,10
8.9221090259,-0.2529151771,10
8.9221090259,-0.2529151771,10
8.9462734584,-0.2489502762,10
8.9462734584,-0.2489502762,10
8.9913851653,-0.2420214495,10
8.9913851653,-0.2420214495,10
9.050437891,-0.2508937277,10
9.050437891,-0.2508937277,10
9.0824664879,-0.2459376016,10
9.0824664879,-0.2459376016,10
9.1327256479,-0.2548196295,10
9.1327256479,-0.2548196295,10
9.1769794459,-0.2518362041,10
9.1769794459,-0.2518362041,10
9.2259517426,-0.2439129022,10
9.2259517426,-0.2439129022,10
9.2518319929,-0.2518167046,10
9.2518319929,-0.2518167046,10
9.3155317248,-0.2508059799,10
9.3155317248,-0.2508059799,10
9.3542091153,-0.2596880078,10
9.3542091153,-0.2596880078,10
9.3813762288,-0.2547318817,10
9.3813762288,-0.2547318817,10
9.4211260054,-0.2487942801,10
9.4211260054,-0.2487942801,10
9.4861840929,-0.252720182,10
9.4861840929,-0.252720182,10
9.5340840036,-0.2487552811,10
9.5340840036,-0.2487552811,10
9.5678284182,-0.257640559,10
9.5678284182,-0.257640559,10
9.606720286,-0.2556451089,10
9.606720286,-0.2556451089,10
9.661054513,-0.2487065323,10
9.661054513,-0.2487065323,10
9.6869347632,-0.2585927852,10
9.6869347632,-0.2585927852,10
9.7386952636,-0.2506597335,10
9.7386952636,-0.2506597335,10
9.7912421805,-0.2605362366,10
9.7912421805,-0.2605362366,10
9.8303485255,-0.2545856354,10
9.8303485255,-0.2545856354,10
9.8447184987,-0.2535944101,10
9.8447184987,-0.2535944101,10
9.9049865952,-0.261478713,10
9.9049865952,-0.261478713,10
9.9450223414,-0.2545466363,10
9.9450223414,-0.2545466363,10
9.9907059875,-0.2515632109,10
9.9907059875,-0.2515632109,10
10.0352457551,-0.2594670133,10
10.0352457551,-0.2594670133,10
10.0826452189,-0.2515339617,10
10.0826452189,-0.2515339617,10
10.1102412869,-0.2653656159,10
10.1102412869,-0.2653656159,10
10.148489723,-0.254481638,10
10.148489723,-0.254481638,10
10.200893655,-0.2663275918,10
10.200893655,-0.2663275918,10
10.2272028597,-0.259398765,10
10.2272028597,-0.259398765,10
10.2746738159,-0.2534481638,10
10.2746738159,-0.2534481638,10
10.3312957998,-0.2603509912,10
10.3312957998,-0.2603509912,10
10.3734763181,-0.2573675658,10
10.3734763181,-0.2573675658,10
10.4038605898,-0.2672505687,10
10.4038605898,-0.2672505687,10
10.440178731,-0.2642671433,10
10.440178731,-0.2642671433,10
10.4968007149,-0.258319792,10
10.4968007149,-0.258319792,10
10.5248257373,-0.2622651934,10
10.5248257373,-0.2622651934,10
10.5600714924,-0.259281768,10
10.5600714924,-0.259281768,10
10.6099016979,-0.272118947,10
10.6099016979,-0.272118947,10
10.6529401251,-0.2622164446,10
10.6529401251,-0.2622164446,10
10.6631635389,-0.2701299968,10
10.6631635389,-0.2701299968,10
10.7292225201,-0.2661520962,10
10.7292225201,-0.2661520962,10
10.7799106345,-0.2611862203,10
10.7799106345,-0.2611862203,10
10.7875603217,-0.2730549236,10
10.7875603217,-0.2730549236,10
10.818588025,-0.2651316217,10
10.818588025,-0.2651316217,10
10.8774262735,-0.2660935977,10
10.8774262735,-0.2660935977,10
10.9060947274,-0.2670750731,10
10.9060947274,-0.2670750731,10
10.930616622,-0.2631101722,10
10.930616622,-0.2631101722,10
10.9830205541,-0.2759506012,10
10.9830205541,-0.2759506012,10
11.0420017873,-0.2620896978,10
11.0420017873,-0.2620896978,10
11.0345665773,-0.2729671758,10
11.0345665773,-0.2729671758,10
11.090974084,-0.2709749756,10
11.090974084,-0.2709749756,10
11.1292940125,-0.2630516737,10
11.1292940125,-0.2630516737,10
11.1498123324,-0.2729281768,10
11.1498123324,-0.2729281768,10
11.1891331546,-0.2640136497,10
11.1891331546,-0.2640136497,10
11.2242359249,-0.2788365291,10
11.2242359249,-0.2788365291,10
11.2594816801,-0.2719077023,10
11.2594816801,-0.2719077023,10
11.2765683646,-0.2639844004,10
11.2765683646,-0.2639844004,10
11.3186773905,-0.2718882028,10
11.3186773905,-0.2718882028,10
11.349919571,-0.2679233019,10
11.349919571,-0.2679233019,10
11.3689365505,-0.2758238544,10
11.3689365505,-0.2758238544,10
11.3933154602,-0.2728501787,10
11.3933154602,-0.2728501787,10
11.4459338695,-0.2777673058,10
11.4459338695,-0.2777673058,10
11.4767470956,-0.2787487813,10
11.4767470956,-0.2787487813,10
11.4801072386,-0.2678745531,10
11.4801072386,-0.2678745531,10
11.5245755139,-0.2767565811,10
11.5245755139,-0.2767565811,10
11.5639678284,-0.2688365291,10
11.5639678284,-0.2688365291,10
11.5633243968,-0.2826746831,10
11.5633243968,-0.2826746831,10
11.5934226988,-0.277718557,10
11.5934226988,-0.277718557,10
11.6471134942,-0.2678160546,10
11.6471134942,-0.2678160546,10
11.6721358356,-0.278680533,10
11.6721358356,-0.278680533,10
11.6736371761,-0.271761456,10
11.6736371761,-0.271761456,10
11.7048793566,-0.2836204095,10
11.7048793566,-0.2836204095,10
11.716818588,-0.2796522587,10
11.716818588,-0.2796522587,10
11.7105987489,-0.2717517062,10
11.7105987489,-0.2717517062,10
11.7131724754,-0.2816379591,10
11.7131724754,-0.2816379591,10
11.7105987489,-0.2766980825,10
11.7105987489,-0.2766980825,10
11.716818588,-0.284601885,10
11.716818588,-0.284601885,10
11.7289722967,-0.2766883328,10
11.7289722967,-0.2766883328,10
11.7193923146,-0.2727331817,10
11.7193923146,-0.2727331817,10
11.7230384272,-0.2826161846,10
11.7230384272,-0.2826161846,10
11.7204647006,-0.2766883328,10
11.7204647006,-0.2766883328,10
11.7230384272,-0.2875658109,10
11.7230384272,-0.2875658109,10
11.7193923146,-0.2796522587,10
11.7193923146,-0.2796522587,10
11.7253976765,-0.2826161846,10
11.7253976765,-0.2826161846,10
11.7217515639,-0.2836106597,10
11.7217515639,-0.2836106597,10
11.7181054513,-0.2766883328,10
11.7181054513,-0.2766883328,10
11.7230384272,-0.2905297368,10
11.7230384272,-0.2905297368,10
11.7253976765,-0.2786610335,10
11.7253976765,-0.2786610335,10
11.7241108132,-0.2895482613,10
11.7241108132,-0.2895482613,10
11.7266845398,-0.2816379591,10
11.7266845398,-0.2816379591,10
11.7351921358,-0.2747058824,10
11.7351921358,-0.2747058824,10
11.7289722967,-0.284601885,10
11.7289722967,-0.284601885,10
11.7241108132,-0.2806434839,10
11.7241108132,-0.2806434839,10
11.7351921358,-0.2905297368,10
11.7351921358,-0.2905297368,10
11.7339052726,-0.2826161846,10
11.7339052726,-0.2826161846,10
11.7266845398,-0.2925121872,10
11.7266845398,-0.2925121872,10
11.7401251117,-0.2855833604,10
11.7401251117,-0.2855833604,10
11.73025916,-0.2796522587,10
11.73025916,-0.2796522587,10
11.7351921358,-0.291520962,10
11.7351921358,-0.291520962,10
11.7315460232,-0.2836106597,10
11.7315460232,-0.2836106597,10
11.7339052726,-0.2944848879,10
11.7339052726,-0.2944848879,10
11.7375513852,-0.2845921352,10
11.7375513852,-0.2845921352,10
11.7364789991,-0.2865745856,10
11.7364789991,-0.2865745856,10
11.7401251117,-0.2895385115,10
11.7401251117,-0.2895385115,10
11.7401251117,-0.2836106597,10
11.7401251117,-0.2836106597,10
11.7339052726,-0.298440039,10
11.7339052726,-0.298440039,10
11.742484361,-0.2855833604,10
11.742484361,-0.2855833604,10
11.7364789991,-0.2964575886,10
11.7364789991,-0.2964575886,10
11.7375513852,-0.291520962,10
11.7375513852,-0.291520962,10
11.7375513852,-0.2826161846,10
11.7375513852,-0.2826161846,10
11.7401251117,-0.2954663633,10
11.7401251117,-0.2954663633,10
11.7375513852,-0.2885472863,10
11.7375513852,-0.2885472863,10
11.7388382484,-0.298440039,10
11.7388382484,-0.298440039,10
11.742484361,-0.2915112122,10
11.742484361,-0.2915112122,10
11.7401251117,-0.2994215145,10
11.7401251117,-0.2994215145,10
11.7437712243,-0.2925024374,10
11.7437712243,-0.2925024374,10
11.7450580876,-0.2855833604,10
11.7450580876,-0.2855833604,10
11.7450580876,-0.3004127397,10
11.7450580876,-0.3004127397,10
11.7461304736,-0.2905297368,10
11.7461304736,-0.2905297368,10
11.7450580876,-0.2994215145,10
11.7450580876,-0.2994215145,10
11.7401251117,-0.2974488138,10
11.7401251117,-0.2974488138,10
11.7401251117,-0.2954663633,10
11.7401251117,-0.2954663633,10
11.742484361,-0.2984302892,10
11.742484361,-0.2984302892,10
11.7536371761,-0.2895385115,10
11.7536371761,-0.2895385115,10
11.7546380697,-0.3013974651,10
11.7546380697,-0.3013974651,10
11.7546380697,-0.2934839129,10
11.7546380697,-0.2934839129,10
11.7486327078,-0.3033766656,10
11.7486327078,-0.3033766656,10
11.7497765862,-0.3004127397,10
11.7497765862,-0.3004127397,10
11.7375513852,-0.2895385115,10
11.7375513852,-0.2895385115,10
11.7375513852,-0.3004127397,10
11.7375513852,-0.3004127397,10
11.7401251117,-0.2964575886,10
11.7401251117,-0.2964575886,10
11.7375513852,-0.3073350666,10
11.7375513852,-0.3073350666,10
11.7388382484,-0.3004127397,10
11.7388382484,-0.3004127397,10
11.742484361,-0.2994215145,10
11.742484361,-0.2994215145,10
11.7401251117,-0.2994215145,10
11.7401251117,-0.2994215145,10
11.7437712243,-0.2974488138,10
11.7437712243,-0.2974488138,10
11.7450580876,-0.3033766656,10
11.7450580876,-0.3033766656,10
11.7450580876,-0.2984302892,10
11.7450580876,-0.2984302892,10
11.7461304736,-0.3083165421,10
11.7461304736,-0.3083165421,10
11.7450580876,-0.3033766656,10
11.7450580876,-0.3033766656,10
11.7401251117,-0.2974488138,10
11.7401251117,-0.2974488138,10
11.7401251117,-0.3043678908,10
11.7401251117,-0.3043678908,10
11.742484361,-0.2994215145,10
11.742484361,-0.2994215145,10
11.7536371761,-0.3053526162,10
11.7536371761,-0.3053526162,10
11.7546380697,-0.3013974651,10
11.7546380697,-0.3013974651,10
11.7546380697,-0.3102989925,10
11.7546380697,-0.3102989925,10
11.7486327078,-0.3083165421,10
11.7486327078,-0.3083165421,10
11.7497765862,-0.3132629184,10
11.7497765862,-0.3132629184,10
11.7375513852,-0.3102989925,10
11.7375513852,-0.3102989925,10
11.7375513852,-0.3093077673,10
11.7375513852,-0.3093077673,10
11.7401251117,-0.31920052,10
11.7401251117,-0.31920052,10
11.7375513852,-0.3093077673,10
11.7375513852,-0.3093077673,10
11.7388382484,-0.3083262918,10
11.7388382484,-0.3083262918,10
11.742484361,-0.3182092948,10
11.742484361,-0.3182092948,10
11.7401251117,-0.323158921,10
11.7401251117,-0.323158921,10
11.7437712243,-0.3241403965,10
11.7437712243,-0.3241403965,10
11.7450580876,-0.3122716932,10
11.7450580876,-0.3122716932,10
11.7450580876,-0.3290867728,10
11.7450580876,-0.3290867728,10
11.7461304736,-0.3191907702,10
11.7461304736,-0.3191907702,10
11.7450580876,-0.3300682483,10
11.7450580876,-0.3300682483,10
11.7401251117,-0.3251316217,10
11.7401251117,-0.3251316217,10
11.7401251117,-0.3162268443,10
11.7401251117,-0.3162268443,10
11.742484361,-0.3271043224,10
11.742484361,-0.3271043224,10
11.7536371761,-0.3201819955,10
11.7536371761,-0.3201819955,10
11.7546380697,-0.3340233994,10
11.7546380697,-0.3340233994,10
11.7546380697,-0.325121872,10
11.7546380697,-0.325121872,10
11.7486327078,-0.3280955476,10
11.7486327078,-0.3280955476,10
11.7497765862,-0.3320506987,10
11.7497765862,-0.3320506987,10
11.7375513852,-0.323158921,10
11.7375513852,-0.323158921,10
11.7375513852,-0.3320506987,10
11.7375513852,-0.3320506987,10
11.7401251117,-0.3280955476,10
11.7401251117,-0.3280955476,10
11.7375513852,-0.3379883003,10
11.7375513852,-0.3379883003,10
11.7388382484,-0.3271043224,10
11.7388382484,-0.3271043224,10
11.742484361,-0.333041924,10
11.742484361,-0.333041924,10
11.7401251117,-0.333041924,10
11.7401251117,-0.333041924,10
11.7437712243,-0.3300682483,10
11.7437712243,-0.3300682483,10
11.7450580876,-0.3369970751,10
11.7450580876,-0.3369970751,10
11.7450580876,-0.3172180695,10
11.7450580876,-0.3172180695,10
11.7461304736,-0.3310594735,10
11.7461304736,-0.3310594735,10
11.7450580876,-0.3280955476,10
11.7450580876,-0.3280955476,10
11.7401251117,-0.3320506987,10
11.7401251117,-0.3320506987,10
11.7401251117,-0.3290867728,10
11.7401251117,-0.3290867728,10
11.742484361,-0.3340233994,10
11.742484361,-0.3340233994,10
11.7536371761,-0.3201819955,10
11.7536371761,-0.3201819955,10
11.7546380697,-0.3261130972,10
11.7546380697,-0.3261130972,10
11.7546380697,-0.3221546961,10
11.7546380697,-0.3221546961,10
11.7486327078,-0.3191907702,10
11.7486327078,-0.3191907702,10
11.7497765862,-0.3340233994,10
11.7497765862,-0.3340233994,10
11.7375513852,-0.3251316217,10
11.7375513852,-0.3251316217,10
11.7375513852,-0.3320506987,10
11.7375513852,-0.3320506987,10
11.7401251117,-0.3261228469,10
11.7401251117,-0.3261228469,10
11.7375513852,-0.3300779981,10
11.7375513852,-0.3300779981,10
11.7388382484,-0.3300779981,10
11.7388382484,-0.3300779981,10
11.742484361,-0.31920052,10
11.742484361,-0.31920052,10
11.7401251117,-0.3290867728,10
11.7401251117,-0.3290867728,10
11.7437712243,-0.3221676958,10
11.7437712243,-0.3221676958,10
11.7450580876,-0.3360058499,10
11.7450580876,-0.3360058499,10
11.7450580876,-0.3241403965,10
11.7450580876,-0.3241403965,10
11.7461304736,-0.3251316217,10
11.7461304736,-0.3251316217,10
11.7450580876,-0.333041924,10
11.7450580876,-0.333041924,10
11.7401251117,-0.3201819955,10
11.7401251117,-0.3201819955,10
11.7401251117,-0.3369970751,10
11.7401251117,-0.3369970751,10
11.742484361,-0.3241403965,10
11.742484361,-0.3241403965,10
11.7536371761,-0.3300682483,10
11.7536371761,-0.3300682483,10
11.7546380697,-0.3280955476,10
11.7546380697,-0.3280955476,10
11.7546380697,-0.3350146246,10
11.7546380697,-0.3350146246,10
11.7486327078,-0.3320506987,10
11.7486327078,-0.3320506987,10
11.7497765862,-0.3251316217,10
11.7497765862,-0.3251316217,10
11.7375513852,-0.3310594735,10
11.7375513852,-0.3310594735,10
11.7375513852,-0.3271140721,10
11.7375513852,-0.3271140721,10
11.7401251117,-0.3340331492,10
11.7401251117,-0.3340331492,10
11.7375513852,-0.3261228469,10
11.7375513852,-0.3261228469,10
11.7388382484,-0.3251316217,10
11.7388382484,-0.3251316217,10
11.742484361,-0.333041924,10
11.742484361,-0.333041924,10
11.7401251117,-0.3251316217,10
11.7401251117,-0.3251316217,10
11.7437712243,-0.3379785505,10
11.7437712243,-0.3379785505,10
11.7450580876,-0.3280955476,10
11.7450580876,-0.3280955476,10
11.7450580876,-0.3389697758,10
11.7450580876,-0.3389697758,10
11.7461304736,-0.3280955476,10
11.7461304736,-0.3280955476,10
11.7450580876,-0.3280955476,10
11.7450580876,-0.3280955476,10
11.7401251117,-0.3320506987,10
11.7401251117,-0.3320506987,10
11.7401251117,-0.3241403965,10
11.7401251117,-0.3241403965,10
11.742484361,-0.3360058499,10
11.742484361,-0.3360058499,10
11.7536371761,-0.3251316217,10
11.7536371761,-0.3251316217,10
11.7546380697,-0.3379785505,10
11.7546380697,-0.3379785505,10
11.7546380697,-0.3271043224,10
11.7546380697,-0.3271043224,10
11.7486327078,-0.3340233994,10
11.7486327078,-0.3340233994,10
11.7497765862,-0.3280955476,10
11.7497765862,-0.3280955476,10
11.7375513852,-0.3280955476,10
11.7375513852,-0.3280955476,10
11.7375513852,-0.3409522262,10
11.7375513852,-0.3409522262,10
11.7401251117,-0.3280955476,10
11.7401251117,-0.3280955476,10
11.7375513852,-0.3340331492,10
11.7375513852,-0.3340331492,10
11.7388382484,-0.3320506987,10
11.7388382484,-0.3320506987,10
11.742484361,-0.3211764706,10
11.742484361,-0.3211764706,10
11.7401251117,-0.3350146246,10
11.7401251117,-0.3350146246,10
11.7437712243,-0.3251316217,10
11.7437712243,-0.3251316217,10
11.7450580876,-0.3310594735,10
11.7450580876,-0.3310594735,10
11.7450580876,-0.3261228469,10
11.7450580876,-0.3261228469,10
11.7461304736,-0.3360058499,10
11.7461304736,-0.3360058499,10
11.7450580876,-0.3280955476,10
11.7450580876,-0.3280955476,10
11.7401251117,-0.3369970751,10
11.7401251117,-0.3369970751,10
11.7401251117,-0.3310594735,10
11.7401251117,-0.3310594735,10
11.742484361,-0.3241403965,10
11.742484361,-0.3241403965,10
11.7536371761,-0.3360058499,10
11.7536371761,-0.3360058499,10
11.7546380697,-0.3241403965,10
11.7546380697,-0.3241403965,10
11.7546380697,-0.3379785505,10
11.7546380697,-0.3379785505,10
11.7486327078,-0.3320506987,10
11.7486327078,-0.3320506987,10
11.7497765862,-0.3241403965,10
11.7497765862,-0.3241403965,10
11.7375513852,-0.3340331492,10
11.7375513852,-0.3340331492,10
11.7375513852,-0.3251316217,10
11.7375513852,-0.3251316217,10
11.7401251117,-0.333041924,10
11.7401251117,-0.333041924,10
11.7375513852,-0.3261228469,10
11.7375513852,-0.3261228469,10
11.7388382484,-0.3360058499,10
11.7388382484,-0.3360058499,10
11.742484361,-0.3290867728,10
11.742484361,-0.3290867728,10
11.7401251117,-0.3350146246,10
11.7401251117,-0.3350146246,10
11.7437712243,-0.3300682483,10
11.7437712243,-0.3300682483,10
11.7450580876,-0.3241403965,10
11.7450580876,-0.3241403965,10
11.7450580876,-0.339961001,10
11.7450580876,-0.339961001,10
11.7461304736,-0.3300682483,10
11.7461304736,-0.3300682483,10
11.7450580876,-0.3419337017,10
11.7450580876,-0.3419337017,10
11.7401251117,-0.3478745531,10
11.7401251117,-0.3478745531,10
11.7401251117,-0.3538024049,10
11.7401251117,-0.3538024049,10
11.742484361,-0.3468833279,10
11.742484361,-0.3468833279,10
11.7536371761,-0.3251316217,10
